TIMETABLE I SEM 2025 -26,,,,,,,,,,,,
COMP CODE,COURSE NO.,COURSE TITLE,L,P,U,SEC,INSTRUCTOR_IN_CHARGE/INSTR UCTOR,ROOM,DAYS,HOUR S,MIDSEM,ENDSEM
2420,AN F311,PRINCIPLES OF AERODYNAMICS,3,0,3,L1,"PARDHA SARADHI GURUGUBELLI
VENKATA",F201,M W F,1,04/10 - 3.30 - 5.00PM,16/12 FN
2422,AN F313,"FLIGHT MECHANICS AND
CONTROLS",3,0,3,L1,JAYAPRAKASH K S,G205,M W F,4,08/10 - 9.30 - 11.00AM,05/12 FN
2863,BIO F101,"INTRODUCTION TO BIOLOGICAL
SCIENCES",2,1,3,L1,Gireesha Thipperudrappa Mohannath,F102,W F,9,07/10 - 1.30 - 3.00PM,04/12 FN
,,,,,,,Supratim Ghosh,,,,,
,,,,,,L2,Bibhas Roy,F103,M W,9,07/10 - 1.30 - 3.00PM,04/12 FN
,,,,,,,Piyush Khandelia,,,,,
,,,,,,T1,SRIDEV MOHAPATRA,G208,T,1,,
,,,,,,,Ankita Paul,,,,,
,,,,,,,Brahmandam N S A L Gayatri,,,,,
,,,,,,,Devarakonda Yogeshwar,,,,,
,,,,,,,Manali Chindarkar,,,,,
,,,,,,,Priyanka Roy,,,,,
,,,,,,,Sian Maria Dorothy D'silva,,,,,
,,,,,,T2,Sourav Chowdhury,G207,T,1,,
,,,,,,T3,Jayati Ray Dutta,G107,T,1,,
,,,,,,T4,Gireesha Thipperudrappa Mohannath,G204,T,1,,
,,,,,,T5,Naga Mohan Kommu,G203,T,1,,
,,,,,,T6,Vivek Sharma,G202,T,1,,
,,,,,,T7,Jamma Trinath,G105,T,1,,
,,,,,,T8,Piyush Khandelia,G206,T,1,,
,,,,,,T9,Pragya Komal,G205,T,1,,
,,,,,,T10,Bibhas Roy,F106,T,1,,
,,,,,,T11,Supritim Ghoshe,F208,T,1,,
,,,,,,P1,Sridev Mohapatra,A122,M,78,,
,,,,,,,Atish Kumar Behera,,,,,
,,,,,,P2,Sourav Chowdhury,A122,M,34,,
,,,,,,,Moli Rani,,,,,
,,,,,,P3,Jayati Ray Dutta,A122,Th,910,,
,,,,,,,Ananya Bose,,,,,
,,,,,,P4,Gireesha Thipperudrappa Mohannath,A122,Th,34,,
,,,,,,,Tammineni Ramya,,,,,
,,,,,,P5,Naga Mohan Kommu,A122,F,78,,
,,,,,,,Puja Das,,,,,
,,,,,,P6,Vivek Sharma,A122,W,78,,
,,,,,,,Dharani Sen,,,,,
,,,,,,P7,Jamma Trinath,A122,Th,78,,
,,,,,,,Harshada Deshpande,,,,,
,,,,,,P8,Piyush Khandelia,A122,T,89,,
,,,,,,,Poosala Ramya Sri,,,,,
,,,,,,P9,Pragya Komal,A122,F,34,,
,,,,,,,Gopu Chamundeshwari Devi,,,,,
,,,,,,P10,Bibhas Roy,A122,T,34,,
,,,,,,,Keerthana V R,,,,,
,,,,,,P11,SUPRATIM GHOSH,A122,W,34,,
,,,,,,,Maddipatla Naga Sai Karthik,,,,,
1112,BIO F211,BIOLOGICAL CHEMISTRY,3,0,3,L1,DEBASRI BANDYOPADHYAY,G101,T Th,2,09/10 - 11.30 - 1.00PM,08/12 AN
,,,,,,,Debasri Bandyopadhyay,G101,M,10,09/10 - 11.30 - 1.00PM,08/12 AN
,,,,,,T1,Debasri Bandyopadhyay,G101,W,1,,
1114,BIO F212,MICROBIOLOGY,3,1,4,L1,RUCHI JAIN DEY,G101,T Th,3,11/10 -  3.30 - 5.00PM,13/12 AN
,,,,,,,Ruchi Jain Dey,G101,W,10,11/10 -  3.30 - 5.00PM,13/12 AN
,,,,,,P1,Puja Bhardwaj,A123,Th,6 7 8,,
,,,,,,,Risa Natarajan,,,,,
,,,,,,P2,Vanishika Kumari,A123,T,6 7 8,,
,,,,,,,Peddiraju N V S J Swaroop,,,,,
1113,BIO F213,CELL BIOLOGY,3,0,3,L1,BIBHAS ROY,G101,F,7,10/10 -  9.30 - 11.00AM,10/12 FN
,,,,,,,Shuvadeep Maity,,,,,
,,,,,,,Bibhas Roy,G101,T Th,9,10/10 -  9.30 - 11.00AM,10/12 FN
,,,,,,,Shuvadeep Maity,,,,,
,,,,,,T1,Bibhas Roy,G101,M,1,,
,,,,,,,Shuvadeep Maity,,,,,
1115,BIO F214,INTEGRATED BIOLOGY,3,0,3,L1,JAYATI RAY DUTTA,G101,M W F,4,08/10 - 11.30 - 1.00PM,05/12 AN
,,,,,,,Amartya Sanyal,,,,,
,,,,,,T1,Jayati Ray Dutta,G101,F,1,,
,,,,,,,Amartya Sanyal,,,,,
1941,BIO F216,"WATER SANITATION AND SOLID
WASTE MANAGEMENT",3,0,3,L1,SUPRATIM GHOSH,G102,F,7,10/10 - 3.30 - 5.00PM,11/12 FN
1427,BIO F311,RECOMBINANT DNA TECH,3,0,3,L1,VIDYA RAJESH,G101,M W F,8,06/10 - 11.30 - 1.00PM,01/12 AN
,,,,,,T1,Vidya Rajesh,G101,Th,8,,
1428,BIO F312,PLANT PHYSIOLOGY,3,0,3,L1,SRIDEV MOHAPATRA,G101,M W F,3,10/10 - 3.30 - 5.00PM,11/12 FN
,,,,,,T1,Sridev Mohapatra,F201,Th,1,,
1429,BIO F313,ANIMAL PHYSIOLOGY,3,0,3,L1,PRAGYA KOMAL,G101,M W F,9,07/10 - 3.30 - 5.00PM,04/12 AN
,,,,,,T1,Pragya Komal,G101,T,8,,
,BIO F266,STUDY PROJECT,0,0,3,,Soumyananda Chakraborti,,,,,
,BIO F366,LABORATORY PROJECT,0,0,3,,Soumyananda Chakraborti,,,,,
,BIO F376,DESIGN PROJECT,0,0,3,,Soumyananda Chakraborti,,,,,
,BIO F377,DESIGN PROJECT,0,0,3,,Soumyananda Chakraborti,,,,,
2122,BIO G510,"APPL OF COMP AND STATS IN
BIOLOGY",3,2,5,L1,AMARTYA SANYAL,G105,T Th,5,06/10 - 11.30 - 1.00PM,01/12 AN
,,,,,,,Naga Mohan Kommu,,,,,
,,,,,,,Amartya Sanyal,G105,W,7,,
,,,,,,,Naga Mohan Kommu,,,,,
,,,,,,P1,Amartya Sanyal,A102,T Th,89,,
,,,,,,,Kottam Geetha Lakshmi,,,,,
,,,,,,,Naga Mohan Kommu,,,,,
,,,,,,,Satarupa Das,,,,,
71,BIO G512,MOLEC MECH OF GENE EXPRE,3,2,5,L1,VIVEK SHARMA,G104,M W F,3,08/10 -  1.30 - 3.00PM,06/12 FN
,,,,,,,Gireesha Thipperudrappa Mohannath,,,,,
,,,,,,P1,Vivek Sharma,A124,T,89,,
,,,,,,,Abirami T S,,,,,
,,,,,,,Aravind B,,,,,
,,,,,,,Gireesha Thipperudrappa Mohannath,,,,,
,,,,,,,Vandana Joshi,,,,,
,,,,,,,Vivek Sharma,A124,Th,910,,
,,,,,,,Abirami T S,,,,,
,,,,,,,Aravind B,,,,,
,,,,,,,Gireesha Thipperudrappa Mohannath,,,,,
,,,,,,,Vandana Joshi,,,,,
392,BIO G514,MOLECULAR IMMUNOLOGY,3,2,5,L1,JAMMA TRINATH,G105,M W F,5,07/10 - 11.30 - 1.00PM,03/12 AN
,,,,,,P1,Ashna Fathima,A123,T,67,,
,,,,,,,Gayatri Reghu,,,,,
,,,,,,,Nandigam Pardhipa,,,,,
,,,,,,,Ashna Fathima,A123,M,89,,
,,,,,,,Gayatri Reghu,,,,,
,,,,,,,Nandigam Pardhipa,,,,,
2008,BIO G524,ANIMAL CELL TECHNOLOGY,3,2,5,L1,PIYUSH KHANDELIA,G105,M W F,4,07/10 - 11.30 - 1.00PM,03/12 AN
,,,,,,,Kumar Pranav Narayan,,,,,
,,,,,,P1,Piyush Khandelia,A121,T Th,45,,
,,,,,,,E Priyanka,,,,,
,,,,,,,Kumar Pranav Narayan,,,,,
,,,,,,,Pragati Karemore,,,,,
,,,,,,,Sridhanya V M,,,,,
2007,BIO G525,ENVIR BIOTECH & WASTE MGMT,3,2,5,L1,SANKAR GANESH P,G105,T,3,06/10 - 11.30 - 1.00PM,01/12 AN
,,,,,,,Sankar Ganesh P,G105,Th,3,,
,,,,,,,Sankar Ganesh P,G105,Th,8,,
,,,,,,P1,Sankar Ganesh P,A002,M W,89,,
,,,,,,,Kulal Ravindra Dnyanaba,,,,,
,,,,,,,Vadla Pallavi,,,,,
,,,,,,,Varsha Sriram,,,,,
2168,BIO G561,ADV RECOMBINANT DNA TECH,3,2,5,L1,NISHITH GUPTA,G105,T Th,2,09/10 -  1.30 - 3.00PM,09/12 FN
,,,,,,,Soumyananda Chakraborti,,,,,
,,,,,,,Nishith Gupta,G105,F,10,,
,,,,,,,Soumyananda Chakraborti,,,,,
,,,,,,P1,Nishith Gupta,A124,M W,67,,
,,,,,,,Devika P,,,,,
,,,,,,,Rukhsar Aman,,,,,
,,,,,,,Soumyananda Chakraborti,,,,,
,,,,,,,Vaibhav Jain,,,,,
2017,BIO G651,PROTEIN & ENZYME BIOENGG,3,2,5,L1,KIRTIMAAN SYAL,G105,T Th,4,08/10 -  1.30 - 3.00PM,06/12 FN
,,,,,,,Sourav Chowdhury,,,,,
,,,,,,,Kirtimaan Syal,G105,M,7,,
,,,,,,,Sourav Chowdhury,,,,,
,,,,,,P1,Kirtimaan Syal,A124,W F,89,,
,,,,,,,Deeptanshu Pandey,,,,,
,,,,,,,Raghav Worah,,,,,
,,,,,,,Shubham Kumar Sinha,,,,,
,,,,,,,Sourav Chowdhury,,,,,
1368,BIOT F345,PROTEOMICS,3,0,3,L1,SHUVADEEP MAITY,G104,M W F,4,08/10 - 9.30 - 11.00AM,05/12 FN
1377,BIOT F422,NANOBIOTECHOLOGY,3,0,3,L1,MOHAN RAO CHINTALAGIRI,G104,T Th,3,11/10 - 1.30 - 3.00PM,13/12 FN
,,,,,,,Krishanu Ray,,,,,
,,,,,,,Krishanu Ray,G104,W,10,,
,,,,,,,Mohan Rao Chintalagiri,,,,,
549,BITS C790T,INDEPENDENT STUDY,0,0,1,,ALIVELU MANGA PARIMI,,,,,
596,BITS C791T,TEACHING PRACTICE I,0,0,1,,ALIVELU MANGA PARIMI,,,,,
520,BITS C797T,PHD SEMINAR,0,0,1,,ALIVELU MANGA PARIMI,,,,,
553,BITS C799T,PHD THESIS,0,0,10,,ALIVELU MANGA PARIMI,,,,,
2128,BITS E593,READING COURSE I,0,0,5,,ALIVELU MANGA PARIMI,,,,,
2490,BITS E594,READING COURSE II,0,0,5,,ALIVELU MANGA PARIMI,,,,,
2101,BITS E661,RESEARCH METHODOLOGY I,3,0,5,L1,SRINIVASA PRAKASH REGALLA,I212,M W F,5,08/10 - 11.30 - 1.00PM,05/12 AN
,,,,,,,Kunaljeet Roy,,,,,
,,,,,,,Naraparaju Kishore Kumar,,,,,
857,BITS E793T,PRACTICE LECT SERIES I,0,0,1,,,,,,,
1003,BITS F103,,1,1,2,L1,Kurra Suresh,F104,M W,2,11/10 - 9.30 - 11.00AM,15/12 FN
,,,,,,L2,Kurra Suresh,F105,T,7,11/10 - 9.30 - 11.00AM,15/12 FN
,,,,,,,,F105,F,2,,
,,,,,,P1,Akshay Gundla,D208 A,M W,34,,
,,,,,,,Muddasani Rajkumar,,,,,
,,,,,,,Vemu Sahiti,,,,,
,,,,,,,"Rahul Kumar
K Sai Sandeep",,,,,
,,,,,,,,,,,,
,,,,,,,Meduri Sitaram,,,,,
,,,,,,P2,Hanan H,WS,F,34,,
,,,,,,,Jinka Chaitanya,,M,78,,
,,,,,,,Vemu Sahiti,,,,,
,,,,,,,"Rahul Kumar K Sai Sandeep
Huzef Ur Rahman",,,,,
,,,,,,,,,,,,
,,,,,,,,,,,,
,,,,,,P3,Md. Ikramullah Khan,WS,T Th,34,,
,,,,,,,Reddybathini Narendra,,,,,
,,,,,,,Vasan A,,,,,
,,,,,,,"Valmiki Ashwith Kumar Shine Jude Hamilton A
Gaurav Sharma",,,,,
,,,,,,,,,,,,
,,,,,,,,,,,,
,,,,,,P4,Ansab Shafi Mir,WS,M W,34,,
,,,,,,,Meenu Krishnan,,,,,
,,,,,,,Dilawaiz Ali,,,,,
,,,,,,,"Valmiki Ashwith Kumar Shine Jude Hamilton A
Gaurav Sharma",,,,,
,,,,,,,,,,,,
,,,,,,,,,,,,
,,,,,,P5,Neha Sethy,WS,W F,78,,
,,,,,,,Chirdeep N R,,,,,
,,,,,,,Nistala Likhita,,,,,
,,,,,,,"Mohd Firasath Ali
G Prashanth Kumar Reddy K S Deepak",,,,,
,,,,,,,,,,,,
,,,,,,,,,,,,
,,,,,,P6,Renuka Roy,WS,T,89,,
,,,,,,,Navaneetha E,,Th,910,,
,,,,,,,Shibajee Sutar,,,,,
,,,,,,,"Mohd Firasath Ali
G Prashanth Kumar Reddy Nakka Muralikrishna",,,,,
,,,,,,,,,,,,
,,,,,,,,,,,,
,,,,,,P7,N Pooja,D208 A,T,89,,
,,,,,,,Ankit Ullegaddi,,Th,910,,
,,,,,,,Vishista Kaushik,,,,,
,,,,,,,"Badar Ali
Vempada Vasudeva Rao Renuka Pradeep Rekhade",,,,,
,,,,,,,,,,,,
,,,,,,,,,,,,
,,,,,,P8,Alagu Lavanya T,D208 A,F,34,,
,,,,,,,Ambili P,,M,78,,
,,,,,,,Kushagra Pandey,,,,,
,,,,,,,"Badar Ali
Vempada Vasudeva Rao Sujith R",,,,,
,,,,,,,,,,,,
,,,,,,,,,,,,
,,,,,,P9,Sourabh Soni,D208 A,T Th,34,,
,,,,,,,Ankur Abhishek,,,,,
,,,,,,,Renuka Pradeep Rekhade,,,,,
,,,,,,,"G Prashanth Kumar Reddy Pabbala Siva Prasad
Muneshu Babu Nitta",,,,,
,,,,,,,,,,,,
,,,,,,,,,,,,
,,,,,,P10,Siddartha Keisham,D208 A,W F,78,,
,,,,,,,Jella Sowjanya,,,,,
,,,,,,,K RAJITHA,,,,,
,,,,,,,"Rahul Kumar K Sai Sandeep
Pichika S V V S Narayana",,,,,
,,,,,,,,,,,,
,,,,,,,,,,,,
1004,BITS F111,THERMODYNAMICS,3,0,3,L1,Ramesh Adusumalli,F105,T Th,5,08/10 - 3.30 - 5.00PM,06/12 AN
,,,,,,,Ramesh Adusumalli,F105,F,10,08/10 - 3.30 - 5.00PM,06/12 AN
,,,,,,L2,SANTANU PRASAD DATTA,F103,T Th,5,08/10 - 3.30 - 5.00PM,06/12 AN
,,,,,,,Santanu Prasad Datta,F103,F,10,08/10 - 3.30 - 5.00PM,06/12 AN
,,,,,,T1,Afkham Mir,F201,M,10,,
,,,,,,T2,Debirupa Mitra,I113,M,10,,
,,,,,,T3,Ramendra Kishor Pal,I122,M,10,,
,,,,,,T4,Srinivas Appari,I114,M,10,,
,,,,,,T5,Harinadha Guidituri,G105,M,10,,
,,,,,,T6,Santanu Prasad Datta,G106,M,10,,
,,,,,,T7,Supradeepan K,G203,M,10,,
,,,,,,T8,Ram Chandra Murthy Kalluri,F203,M,10,,
,,,,,,T9,Naveen Kumar Shrivastava,I212,M,10,,
,,,,,,T10,R Parameshwaran,G108,M,10,,
1005,BITS F112,TECHNICAL REPORT WRITING,2,0,2,L1,TONY SEBASTIAN,G207,M W,5,10/10 -  1.30 - 3.00PM,11/12 FN
,,,,,,L2,Tba,F207,M W,5,10/10 -  1.30 - 3.00PM,11/12 FN
,,,,,,L3,Madhavi Jha,F208,M W,5,10/10 -  1.30 - 3.00PM,11/12 FN
,,,,,,L4,Sarbani Banerjee Belur,G207,T Th,2,10/10 -  1.30 - 3.00PM,11/12 FN
,,,,,,L5,Madhushree Chakrabarty,G106,T Th,2,10/10 -  1.30 - 3.00PM,11/12 FN
,,,,,,L6,Harsh Mittal,G205,T Th,2,10/10 -  1.30 - 3.00PM,11/12 FN
1858,BITS F113,GENERAL MATHEMATICS I,3,0,3,L1,ROHIT GUPTA,I211,M W F,8,06/10 -  1.30 - 3.00PM,02/12 FN
,,,,,,T1,Rohit Gupta,I211,T,10,,
,,,,,,,Komal Kumar,,,,,
1892,BITS F214,SCIENCE TECH & MODERNITY,3,0,3,L1,BISWANATH DASH,J115,T Th,2,09/10 - 9.30 - 11.00AM,08/12 FN
,,,,,,,Biswanath Dash,J115,M,10,09/10 - 9.30 - 11.00AM,08/12 FN
1861,BITS F218,GENERAL MATHEMATICS III,3,0,3,L1,JHUMA SEN GUPTA,I213,M W F,8,06/10 -  9.30 - 11.00AM,01/12 FN
,,,,,,T1,Jhuma Sen Gupta,I212,T,1,,
,,,,,,,Rabindranath Chakrabortty,,,,,
1632,BITS F225,ENVIRONMENTAL STUDIES,3,0,3,L1,Murari Raja Raja Varma,F102,T Th,8,04/10 -  9.30 - 11.00AM,15/12 AN
,,,,,,,Amit Lalwani,,,,,
,,,,,,,Gantala Sarva Sai Nikhilesh,,,,,
,,,,,,,Himanshu Aggarwal,,,,,
,,,,,,,Keitumetse Ngaka,,,,,
,,,,,,,Kunja Chaitanya,,,,,
,,,,,,,Lakesh Kumar Sahoo,,,,,
,,,,,,,Priyanka Chakravarti,,,,,
,,,,,,,Srija Bhattacharya,,,,,
,,,,,,,KUMAR PRANAV NARAYAN,,,,,
,,,,,,,Murari Raja Raja Varma,F102,Th,1,04/10 -  9.30 - 11.00AM,15/12 AN
,,,,,,,Amit Lalwani,,,,,
,,,,,,,Gantala Sarva Sai Nikhilesh,,,,,
,,,,,,,Himanshu Aggarwal,,,,,
,,,,,,,Keitumetse Ngaka,,,,,
,,,,,,,Kumar Pranav Narayan,,,,,
,,,,,,,Kunja Chaitanya,,,,,
,,,,,,,Lakesh Kumar Sahoo,,,,,
,,,,,,,Priyanka Chakravarti,,,,,
,,,,,,,Srija Bhattacharya,,,,,
2517,BITS F232,"FOUNDATIONS OF DATA
STRUCTURES AND ALGORITHMS",3,1,4,L1,RAGHUNATH REDDY MADIREDDY,F106,M W F,2,10/10 - 11.30 - 1.00PM,10/12 AN
,,,,,,P1,Raghunath Reddy Madireddy,D312,M,67,,
,,,,,,P2,Raghunath Reddy Madireddy,D311,T,67,,
,,,,,,P3,Sk Aziz Ali,D312,W,89,,
,,,,,,P4,Sk Aziz Ali,D313,F,89,,
2605,BITS F234,"INTRODUCTION TO ENGINEERING
DESIGN",3,1,4,L1,ARNAB GUHA,F101,M,4,,
,,,,,,P1,Kurra Suresh,D208 C,W,34,,
,,,,,,,Arnab Guha,,,,,
2751,BITS F240,"INTRO TO ENV & SUST SYS
ENGG",3,0,3,L1,MURARI RAJA RAJA VARMA,F101,M,3,,
,,,,,,,MURARI RAJA RAJA VARMA,F101,W,12,,
2277,BITS F314,"GAME THEORY AND ITS
APPLICATIONS",3,0,3,L1,DUSHYANT KUMAR,F205,M W F,2,10/10 - 11.30 - 1.00PM,10/12 AN
1511,BITS F316,NONLINEAR DYNA & CHAOS,3,0,3,L1,P K THIRUVIKRAMAN,G207,M W F,4,08/10 - 9.30 - 11.00AM,05/12 FN
,,,,,,,Aravinda Narayanan Raghavan,,,,,
2336,BITS F327,"ARTIFICIAL INTELLIGENCE FOR
ROBOTICS",2,1,3,L1,ABHISHEK SARKAR,G108,T Th,2,09/10 - 9.30 - 11.00AM,08/12 FN
,,,,,,P1,Abhishek Sarkar,E210,Th,89,,
1512,BITS F385,INTRO TO GENDER STUDIES,3,0,3,L1,TONY SEBASTIAN,J219,M W F,9,07/10 - 3.30 - 5.00PM,04/12 AN
1337,BITS F386,QUANTUM INFO & COMPUTING,3,0,3,L1,SAI LAKSHMI RADHIKA TANTRAVAHI,G108,M W F,2,10/10 - 11.30 - 1.00PM,10/12 AN
1248,BITS F415,INTRODUCTION TO MEMS,3,1,4,L1,SATISH KUMAR DUBEY,G204,M W F,2,10/10 - 11.30 - 1.00PM,10/12 AN
,,,,,,P1,P Ramya Priya,J204,T,1011,,
,,,,,,,K S Deepak,,,,,
1808,BITS F416,INTRO TO NANO SCIENCE,3,0,3,L1,B. HARIHARA VENKATARAMAN,G208,M W F,4,08/10 - 9.30 - 11.00AM,05/12 FN
,,,,,,,Satya Narayana Murthy Vemulapati,,,,,
1770,BITS F418,INTRO TO BIOMEDICAL ENGG,3,1,4,L1,KAVI DEVRAJ,G104,M W F,2,10/10 - 11.30 - 1.00PM,10/12 AN
,,,,,,,Sudipta Maiti,,,,,
,,,,,,P1,Kavi Devraj,A112,,,,
,,,,,,,Pankaj Garg,,,,,
,,,,,,,Sudipta Maiti,,,,,
,,,,,,,Teena Chandna,,,,,
1794,BITS F428,ESSENTIALS OF STRATE MGT,3,0,3,L1,RAJASEKARAN RAGHUNATHAN,J218,M W F,1,04/10 - 3.30 - 5.00PM,16/12 FN
1806,BITS F431,"FLEXIBLE MANUFACTURING
SYSTEMS",3,1,4,L1,ARSHAD JAVED,G207,M W F,1,04/10 - 3.30 - 5.00PM,16/12 FN
,,,,,,P1,Cheruku Nikhil,W109,T,78,,
2001,BITS F437,TECHNICAL COMMUNICATION,3,0,3,L1,ANJANA KRISHNA S,J206,T Th,1,04/10 - 3.30 - 5.00PM,16/12 FN
,,,,,,,Aruna Lolla,,,,,
,,,,,,,Sarbani Banerjee Belur,,,,,
2434,BITS F452,BLOCKCHAIN TECHNOLOGY,3,0,3,L1,G GEETHAKUMARI,F106,T Th,2,09/10 - 9.30 - 11.00AM,08/12 FN
,,,,,,,G Geethakumari,F106,M,10,09/10 - 9.30 - 11.00AM,08/12 FN
2760,BITS F459,Computer Vision,3,1,3,L1,ARITRA MUKHERJEE,J218,T Th,2,09/10 - 9.30 - 11.00AM,08/12 FN
,,,,,,,Aritra Mukherjee,J218,M,10,10/10 - 3.30 - 5.00PM,11/12 AN
,,,,,,P1,Aritra Mukherjee,I015,T,89,,
1338,BITS F463,CRYPTOGRAPHY,3,0,3,L1,SABYASACHI DEY,G107,M W F,1,04/10 - 3.30 - 5.00PM,16/12 FN
1339,BITS F464,MACHINE LEARNING,3,0,3,L1,CHITTARANJAN HOTA,F106,T Th,10,10/10 - 3.30 - 5.00PM,11/12 FN
,,,,,,,Chittaranjan Hota,F106,F,7,10/10 - 3.30 - 5.00PM,11/12 FN
547,BITS G513,STUDY IN ADVANCED TOPICS,0,0,5,,ALIVELU MANGA PARIMI,,,,,
2619,BITS G524,"HEALTH ECONOMICS AND POLICY
I",3,0,5,L1,RISHI KUMAR,I114,M W F,4,10/10 - 11.30 - 1.00PM,10/12 AN
2621,BITS G526,DATA SCIENCES I,3,0,5,L1,PRAVEEN KUMAR P T V,I114,T Th,45,08/10 - 9.30 - 11.00AM,05/12 FN
,,,,,,,Naraparaju Kishore Kumar,,,,,
754,BITS G529,RESEARCH PROJECT I,0,0,6,,ALIVELU MANGA PARIMI,,,,,
755,BITS G539,RESEARCH PROJECT II,0,0,6,,ALIVELU MANGA PARIMI,,,,,
2003,BITS G540,RESEARCH PRACTICE,0,0,4,,ALIVELU MANGA PARIMI,,,,,
757,BITS G649,READING COURSE,0,0,5,,ALIVELU MANGA PARIMI,,,,,
1073,CE F211,MECHANICS OF SOLIDS,3,0,3,L1,CHANDU PARIMI,F109,T Th,2,09/10 - 11.30 - 1.00PM,08/12 AN
,,,,,,,P Raghu,,,,,
,,,,,,,Chandu Parimi,F109,M,10,09/10 - 11.30 - 1.00PM,08/12 AN
,,,,,,,P Raghu,,,,,
,,,,,,T1,Chandu Parimi,F109,W,1,,
,,,,,,,Boyina Kalyan,,,,,
,,,,,,,P Raghu,,,,,
1075,CE F213,SURVEYING,3,1,4,L1,K RAJITHA,F109,T Th,3,11/10 -  3.30 - 5.00PM,13/12 AN
,,,,,,,K Rajitha,F109,W,10,11/10 -  3.30 - 5.00PM,13/12 AN
,,,,,,T1,K Rajitha,F109,M,1,,
,,,,,,P1,K Rajitha,D111,W,23,,
,,,,,,,Anuradha Tiwari,,,,,
,,,,,,P2,K Rajitha,D111,F,23,,
,,,,,,,Krishnendu Sivadas,,,,,
2279,CE F230,CIVIL ENGINEERING MATERIALS,3,1,4,L1,V VINAYAKA RAM,F109,M W F,4,08/10 - 11.30 - 1.00PM,05/12 AN
,,,,,,T1,V Vinayaka Ram,F109,T,10,,
,,,,,,P1,V Vinayaka Ram,D127,T,67,,
,,,,,,,Abishek Uma Shankar,,,,,
,,,,,,P2,V Vinayaka Ram,D127,Th,67,,
,,,,,,,Banoth Rajesh,,,,,
2280,CE F231,FLUID MECHANICS,3,0,3,L1,KOMARAGIRI SRINIVASA RAJU,F109,F,7,10/10 -  9.30 - 11.00AM,10/12 FN
,,,,,,,Komaragiri Srinivasa Raju,F109,T Th,9,10/10 -  9.30 - 11.00AM,10/12 FN
,,,,,,T1,Komaragiri Srinivasa Raju,F109,F,1,,
1652,CE F266,STUDY PROJECT,0,0,3,,Akshay Gundla,,,,,
1196,CE F312,HYDRAULIC ENGINEERING,3,1,4,L1,JAGADEESH ANMALA,F109,M W F,5,08/10 - 1.30 - 3.00PM,06/12 FN
,,,,,,T1,Jagadeesh Anmala,F109,T,1,,
,,,,,,,Lavanya B,,,,,
,,,,,,P1,Jenisha Ma,E122,M,89,,
,,,,,,P2,Deepjyoti Deb,E122,T,89,,
1197,CE F313,FOUNDATION ENGINEERING,3,0,3,L1,SESHA SAI RAGHURAM AMMAVAJJALA,F109,T Th,4,11/10 - 9.30 - 11.00AM,12/12 FN
,,,,,,,Sesha Sai Raghuram Ammavajjala,F109,W,7,11/10 - 9.30 - 11.00AM,12/12 FN
,,,,,,T1,Sesha Sai Raghuram Ammavajjala,F109,Th,1,,
2281,CE F320,"DESIGN OF REINFORCED
CONCRETE",3,0,3,L1,ARKAMITRA KAR,F109,M W F,3,06/10 - 3.30 - 5.00PM,02/12 AN
,,,,,,T1,Arkamitra Kar,F109,F,9,,
,,,,,,,Sk Abdul Kaium,,,,,
1215,CE F323,INTRO TO ENVIRN ENGG,3,0,3,L1,ABHRADEEP MAJUMDER,F109,M W F,2,10/10 - 11.30 - 1.00PM,10/12 AN
1667,CE F366,LABORATORY PROJECT,0,0,3,,Mohammad Adil Dar,,,,,
1737,CE F367,LABORATORY PROJECT,0,0,3,,Mohammad Adil Dar,,,,,
1686,CE F376,DESIGN PROJECT,0,0,3,,Sesha Sai Raghuram Ammavajjala,,,,,
1753,CE F377,DESIGN PROJECT,0,0,3,,Sesha Sai Raghuram Ammavajjala,,,,,
1214,CE F411,OPER RESEARCH FOR ENGIN,3,0,3,L1,VASAN A,F201,M W F,4,08/10 - 9.30 - 11.00AM,05/12 FN
1231,CE F417,APP OF AI IN CIVIL ENGG,3,0,3,L1,JAGADEESH ANMALA,F201,T Th,3,11/10 - 1.30 - 3.00PM,13/12 FN
,,,,,,,Jagadeesh Anmala,F201,W,10,11/10 - 3.30 - 5.00PM,13/12 FN
1233,CE F420,INTRO TO BRIDGE ENGG,3,0,3,L1,PATURU NEELAKANTESWARA RAO,F201,F,7,10/10 - 3.30 - 5.00PM,11/12 FN
,,,,,,,Paturu Neelakanteswara Rao,F201,T Th,10,10/10 - 3.30 - 5.00PM,11/12 FN
1711,CE F491,SPECIAL PROJECT,0,0,3,,Mohan S C,,,,,
357,CE G538,PROJECT PLAN & MGMT,3,1,4,L1,BAHURUDEEN A,F203,T Th,3,06/10 - 11.30 - 1.00PM,01/12 AN
,,,,,,,Bahurudeen A,F203,F,7,,
,,,,,,P1,Bahurudeen A,D123,Th,89,,
931,CE G545,AIRPORT PLANNING & DES,3,1,4,L1,BANDHAN BANDHU MAJUMDAR,F203,M W F,4,07/10 - 11.30 - 1.00PM,03/12 AN
,,,,,,,Prasanta Kumar Sahu,,,,,
,,,,,,P1,Bandhan Bandhu Majumdar,W110,M,89,,
,,,,,,,Prasanta Kumar Sahu,,,,,
880,CE G551,DYNAMICS OF STRUCTURES,3,1,4,L1,MOHAN S C,F201,M W F,2,06/10 - 11.30 - 1.00PM,01/12 AN
,,,,,,P1,Mohan S C,W111,M,89,,
526,CE G552,ADV STR MECH & STABILITY,3,1,4,L1,CHANDU PARIMI,F201,M W F,5,07/10 - 11.30 - 1.00PM,03/12 AN
,,,,,,P1,Chandu Parimi,D208 C,T,89,,
2199,CE G562,"ADVANCED CONCRETE
TECHNOLOGY",3,1,4,L1,ARKAMITRA KAR,F201,T Th,4,06/10 - 11.30 - 1.00PM,01/12 AN
,,,,,,,Arkamitra Kar,F201,W,7,,
,,,,,,P1,Arkamitra Kar,D127,M,89,,
2341,CE G569,TRANSPORTATION ECONOMICS,3,1,4,L1,ISHANT SHARMA,F203,M W F,3,08/10 -  1.30 - 3.00PM,06/12 FN
,,,,,,P1,Ishant Sharma,D224,W,89,,
2343,CE G571,ROAD ASSET MANAGEMENT,3,1,4,L1,SRIDHAR R,F203,T Th,4,09/10 -  1.30 - 3.00PM,09/12 FN
,,,,,,,Sridhar R,F203,W,7,,
,,,,,,P1,Sridhar R,W110,T,89,,
345,CE G612,ADVANCED STEEL STRUCTURE,3,1,4,L1,MOHAMMAD ADIL DAR,F202,M W F,5,07/10 - 11.30 - 1.00PM,03/12 AN
,,,,,,P1,Mohammad Adil Dar,D123,T,89,,
613,CE G614,PRESTRESS CONCRETE STRUC,3,1,4,L1,BAHURUDEEN A,F204,M W F,3,08/10 -  1.30 - 3.00PM,06/12 FN
,,,,,,P1,Bahurudeen A,D123,W,89,,
343,CE G617,ADVANCE STRUC ANALYSIS,3,1,4,L1,PATURU NEELAKANTESWARA RAO,F202,M W F,3,08/10 -  1.30 - 3.00PM,06/12 FN
,,,,,,P1,Paturu Neelakanteswara Rao,D208 C,W,89,,
326,CE G619,FINITE ELEMENT ANALYSIS,3,2,5,L1,P RAGHU,F201,T Th,5,09/10 -  1.30 - 3.00PM,09/12 FN
,,,,,,,P Raghu,F201,M,7,,
,,,,,,P1,P Raghu,D208 C,Th F,89,,
87,CE G620,ADVANCE FOUNDATION ENGG,3,1,4,L1,ANASUA GUHARAY,F203,T Th,5,09/10 -  1.30 - 3.00PM,09/12 FN
,,,,,,,Anasua Guharay,F203,M,7,,
,,,,,,P1,Anasua Guharay,D125,F,89,,
1069,CHE F211,CHEMICAL PROCESS CALCULA,3,0,3,L1,B NANDINI,F205,T Th,3,11/10 -  3.30 - 5.00PM,13/12 AN
,,,,,,,B Nandini,F205,W,10,11/10 -  3.30 - 5.00PM,13/12 AN
,,,,,,T1,B Nandini,F205,T,10,,
,,,,,,,Jashaswinee Swain,,,,,
1072,CHE F212,FLUID MECHANICS,3,0,3,L1,VIKRANTH KUMAR SURASANI,F205,M W F,4,08/10 - 11.30 - 1.00PM,05/12 AN
,,,,,,T1,Vikranth Kumar Surasani,F204,M,1,,
,,,,,,,Mattupalli Sai Soumya Sri,,,,,
1071,CHE F213,CHEM ENGG THERMODYNAMICS,3,0,3,L1,I SREEDHAR,F205,T Th,2,09/10 - 11.30 - 1.00PM,08/12 AN
,,,,,,,I Sreedhar,F205,M,10,09/10 - 11.30 - 1.00PM,08/12 AN
,,,,,,T1,I Sreedhar,F205,W,1,,
1070,CHE F214,ENGINEERING CHEMISTRY,3,0,3,L1,KARTHIK VENKATESHAN,F205,F,7,10/10 -  9.30 - 11.00AM,10/12 FN
,,,,,,,Karthik Venkateshan,F205,T Th,9,10/10 -  9.30 - 11.00AM,10/12 FN
,,,,,,T1,Karthik Venkateshan,F205,F,1,,
1653,CHE F266,STUDY PROJECT,0,0,3,,Arnab Dutta,,,,,
1184,CHE F311,KINETICS & REACTOR DESIGN,3,0,3,L1,DEBIRUPA MITRA,F205,M W F,5,08/10 - 1.30 - 3.00PM,06/12 FN
,,,,,,T1,Debirupa Mitra,F205,Th,10,,
,,,,,,,Sathish Kumar G,,,,,
1185,CHE F312,CHEMICAL ENGG LAB I,0,3,3,P1,BALAJI KRISHNAMURTHY,D228,T Th,7 8 9,,
,,,,,,,Sohini Das,,,,,
,,,,,,,Harinadha Guidituri,,,,,
,,,,,,P2,Srikanta Dinda,D228,T Th,7 8 9,,
,,,,,,,Narasimhan T A,,,,,
1186,CHE F313,SEPARATION PROCESSES II,3,0,3,L1,D PURNIMA,F205,M W F,3,06/10 - 3.30 - 5.00PM,02/12 AN
,,,,,,T1,D Purnima,F205,Th,1,,
,,,,,,,Chitturi Huldah Suharika,,,,,
1187,CHE F314,PROCESS DES PRINCIPLES I,3,0,3,L1,ARNAB DUTTA,D208 B,T Th,4,11/10 - 9.30 - 11.00AM,12/12 FN
,,,,,,,Arnab Dutta,D208 B,W,7,11/10 - 9.30 - 11.00AM,12/12 FN
,,,,,,T1,Arnab Dutta,D208 B,T,10,,
,,,,,,,Hrithika G,,,,,
1190,CHE F343,PROCESS DES PRINCIPLE II,3,0,3,L1,AMARTHALURI SATYAPAUL SINGH,G108,M W F,3,06/10 - 3.30 - 5.00PM,02/12 AN
,,,,,,T1,Amarthaluri Satyapaul Singh,G108,T,7,,
1668,CHE F366,LABORATORY PROJECT,0,0,3,,Arnab Dutta,,,,,
1738,CHE F367,LABORATORY PROJECT,0,0,3,,Arnab Dutta,,,,,
1687,CHE F376,DESIGN PROJECT,0,0,3,,Arnab Dutta,,,,,
1754,CHE F377,DESIGN PROJECT,0,0,3,,Arnab Dutta,,,,,
1206,CHE F411,ENVIR POLLUTION CONTROL,3,0,3,L1,SRIKANTA DINDA,F203,M W F,2,10/10 - 11.30 - 1.00PM,10/12 AN
,,,,,,,Mamilla Shree Veena,,,,,
1213,CHE F418,MODEL & SIMU IN CHE ENGG,3,0,3,L1,SRINIVAS APPARI,F204,M W F,4,08/10 - 9.30 - 11.00AM,05/12 FN
2178,CHE F422,PETRO. REFI. TECH.,3,0,3,L1,IYMAN ABRAR,F204,T Th,3,11/10 - 1.30 - 3.00PM,13/12 FN
,,,,,,,Iyman Abrar,F204,W,10,11/10 - 3.30 - 5.00PM,13/12 FN
847,CHE G522,POLYMER TECHNOLOGY,3,1,4,L1,D PURNIMA,F204,T Th,5,09/10 - 1.30 - 3.00PM,09/12 FN
,,,,,,,D Purnima,F204,F,7,,
,,,,,,P1,D Purnima,D226,W,89,,
,,,,,,,Prachi Bulbul,,,,,
2084,CHE G528,INTRO TO NANO SCI & TECH,3,1,4,L1,AMARTHALURI SATYAPAUL SINGH,F204,T Th,2,09/10 - 9.30 - 11.00AM,08/12 FN
,,,,,,,Amarthaluri Satyapaul Singh,F204,M,7,,
,,,,,,P1,Amarthaluri Satyapaul Singh,D226,F,89,,
,,,,,,,Y Lavanya,,,,,
2864,CHEM F101,FUNDAMENTALS OF CHEMISTRY,2,1,3,L1,Durba Roy,F102,T Th,5,07/10 - 1.30 - 3.00PM,04/12 FN
,,,,,,,ANUPAM BHATTACHARYA,,,,,
,,,,,,L2,Krishnan Rangan,F104,M,9,07/10 - 1.30 - 3.00PM,04/12 FN
,,,,,,,Tanmay Chatterjee,,,,,
,,,,,,,Krishnan Rangan,F104,F,10,,
,,,,,,,Tanmay Chatterjee,,,,,
,,,,,,T1,Anupam Bhattacharya,G101,T,1,,
,,,,,,,Wadkar Ajit Ganpatrao,,,,,
,,,,,,T2,Durba Roy,G102,T,1,,
,,,,,,,Amrutha Radhakrishnan,,,,,
,,,,,,T3,Krishnan Rangan,G103,T,1,,
,,,,,,,Kosana Sai Chaitanya,,,,,
,,,,,,T4,Tanmay Chatterjee,G104,T,1,,
,,,,,,,Dhurgam Rani,,,,,
,,,,,,T5,Manab Chakravarty,F201,T,1,,
,,,,,,,Avanigadda Madhu Niharika,,,,,
,,,,,,T6,Himanshu Aggarwal,F202,T,1,,
,,,,,,,Anagha H Nair,,,,,
,,,,,,T7,Satya Narayan Guin,F203,T,1,,
,,,,,,,Savita,,,,,
,,,,,,T8,Pralok Kumar Samanta,F204,T,1,,
,,,,,,,Sivasakthi P,,,,,
,,,,,,T9,Suryoday Prodhan,F205,T,1,,
,,,,,,,Saheba Khatun,,,,,
,,,,,,P1,ARIJIT MUKHERJEE,B126,M,78,,
,,,,,,,Bandana Sar,,,,,
,,,,,,,Mollah Rohan Ahsan,,,,,
,,,,,,P2,Balaji Gopalan,B126,W,78,,
,,,,,,,Bhushan Kishor Nandre,,,,,
,,,,,,,Sweta Agarwala,,,,,
,,,,,,P3,Abhishek Saha,B126,Th,910,,
,,,,,,,Dyagala Shalini,,,,,
,,,,,,,Rachel  Anjous,,,,,
,,,,,,P4,Durba Roy,B126,M,34,,
,,,,,,,Arpan Ghosh,,,,,
,,,,,,,Dinesh Kumar J,,,,,
,,,,,,P5,Krishnan Rangan,B126,T,34,,
,,,,,,,Shreya Sarkar,,,,,
,,,,,,,Suchashrita Mitra,,,,,
,,,,,,P6,Manab Chakravarty,B126,Th,78,,
,,,,,,,Arindam Nandy,,,,,
,,,,,,,Shivani Tripathi,,,,,
,,,,,,P7,Prakash Sista,B126,W,34,,
,,,,,,,Ankur Chanda,,,,,
,,,,,,,Supriya Swain,,,,,
,,,,,,P8,Sourav Bag,B126,Th,34,,
,,,,,,,Arya A,,,,,
,,,,,,,Vibhawari Pundir,,,,,
,,,,,,P9,Subbalakshmi Jayanty,B126,F,34,,
,,,,,,,Gade Kirth Reddy,,,,,
,,,,,,,Neha K Nambiar,,,,,
,,,,,,P10,Tanmay Chatterjee,B126,T,89,,
,,,,,,,Sai Keerthana H,,,,,
,,,,,,,Samiran Saha,,,,,
,,,,,,P11,Suryoday Prodhan,B126,F,78,,
,,,,,,,Jenifa Mehjebin,,,,,
,,,,,,,Pise Suraj Pundlik,,,,,
1116,CHEM F211,PHYSICAL CHEMISTRY I,3,0,3,L1,SUBIT KUMAR SAHA,G102,T Th,2,09/10 - 11.30 - 1.00PM,08/12 AN
,,,,,,,Subit Kumar Saha,G102,M,10,09/10 - 11.30 - 1.00PM,08/12 AN
,,,,,,T1,Subit Kumar Saha,G102,W,1,,
1117,CHEM F212,ORGANIC CHEMISTRY I,3,0,3,L1,MANAB CHAKRAVARTY,G102,M W F,4,08/10 - 11.30 - 1.00PM,05/12 AN
,,,,,,,Abhishek Saha,,,,,
,,,,,,T1,Manab Chakravarty,G102,T,10,,
,,,,,,,Abhishek Saha,,,,,
1118,CHEM F213,PHYSICAL CHEMISTRY II,3,0,3,L1,PRALOK KUMAR SAMANTA,G102,T Th,3,11/10 -  3.30 - 5.00PM,13/12 AN
,,,,,,,Suryoday Prodhan,,,,,
,,,,,,,Pralok Kumar Samanta,G102,W,10,11/10 -  3.30 - 5.00PM,13/12 AN
,,,,,,,Suryoday Prodhan,,,,,
,,,,,,T1,Pralok Kumar Samanta,G102,F,1,,
,,,,,,,Suryoday Prodhan,,,,,
1119,CHEM F214,INORGANIC CHEMISTRY I,3,0,3,L1,N RAJESH,G102,M W F,3,06/10 - 3.30 - 5.00PM,02/12 AN
,,,,,,T1,N Rajesh,G104,Th,10,,
1654,CHEM F266,STUDY PROJECT,0,0,3,,Pralok Kumar Samanta,,,,,
1559,CHEM F311,ORGANIC CHEMISTRY III,3,0,3,L1,K V G CHANDRA SEKHAR,G102,T W F,8,06/10 - 11.30 - 1.00PM,01/12 AN
,,,,,,T1,K V G Chandra Sekhar,I210,T,1,,
1560,CHEM F312,PHYSICAL CHEMISTRY IV,3,0,3,L1,AMIT NAG,G102,M W F,9,11/10 - 9.30 - 11.00AM,12/12 FN
,,,,,,T1,Amit Nag,F203,Th,1,,
1558,CHEM F313,INSTRU METHODS OF ANAL,3,1,4,L1,RAMAKRISHNAN GANESAN,G102,T Th,4,07/10 - 3.30 - 5.00PM,04/12 AN
,,,,,,,Nilanjan Dey,,,,,
,,,,,,,Ramakrishnan Ganesan,G102,F,10,11/10 - 9.30 - 11.00AM,12/12 FN
,,,,,,,Nilanjan Dey,,,,,
,,,,,,P1,Ramakrishnan Ganesan,B108,M,6 7 8,,
,,,,,,,A Anjana Krishnan,,,,,
,,,,,,,Akhil Chandran P,,,,,
,,,,,,,Anil Kumar B M,,,,,
,,,,,,,Anirban Biswas,,,,,
,,,,,,,Chanchal Chakraborty,,,,,
,,,,,,,Hibakhadeeja.m P,,,,,
,,,,,,,Himanshu Aggarwal,,,,,
,,,,,,,Nilanjan Dey,,,,,
,,,,,,,Pallabi Layek,,,,,
,,,,,,,Rikitha Sharyl Fernandes,,,,,
,,,,,,,Rittika Dhar,,,,,
,,,,,,,Sankho Subhra Samanta,,,,,
,,,,,,,Satya Narayan Guin,,,,,
,,,,,,,Sourav Mondal,,,,,
1572,CHEM F325,POLYMER CHEMISTRY,3,0,3,L1,CHANCHAL CHAKRABORTY,G103,T Th,2,09/10 - 9.30 - 11.00AM,08/12 FN
,,,,,,,Subbalakshmi Jayanty,,,,,
,,,,,,,Chanchal Chakraborty,G103,M,10,09/10 - 9.30 - 11.00AM,08/12 FN
,,,,,,,Subbalakshmi Jayanty,,,,,
1575,CHEM F326,SOLID STATE CHEMISTRY,3,0,3,L1,SOUNAK ROY,G102,M W F,2,10/10 - 11.30 - 1.00PM,10/12 AN
1669,CHEM F366,LABORATORY PROJECT,0,0,3,,Chanchal Chakraborty,,,,,
1739,CHEM F367,LABORATORY PROJECT,0,0,3,,Chanchal Chakraborty,,,,,
1688,CHEM F376,DESIGN PROJECT,0,0,3,,Amit Nag,,,,,
1755,CHEM F377,DESIGN PROJECT,0,0,3,,Amit Nag,,,,,
2564,CHEM F416,APPLIED CRYSTALLOGRAPHY,3,0,3,L1,ARIJIT MUKHERJEE,G103,M W F,4,08/10 - 9.30 - 11.00AM,05/12 FN
937,CHEM G553,ADVANCED PHYSICAL CHEMISTRY,3,0,5,L1,SOURAV BAG,G103,M W F,3,07/10 - 3.30 - 5.00PM,04/12 AN
242,CHEM G554,PHY METHODS IN CHEMISTRY,3,0,5,L1,SATYA NARAYAN GUIN,G103,M W F,2,06/10 - 11.30 - 1.00PM,01/12 AN
,,,,,,,Abhishek Saha,,,,,
,,,,,,,Nilanjan Dey,,,,,
1008,CS F111,COMPUTER PROGRAMMING,3,1,4,L1,ARUNA MALAPATI,F102,M W F,2,09/10 - 3.30 - 5.00PM,09/12 AN
,,,,,,L2,Dave Jay Kamlesh,F104,W F,9,09/10 - 3.30 - 5.00PM,09/12 AN
,,,,,,,Dave Jay Kamlesh,F104,T,7,,
,,,,,,P1,Aruna Malapati,D311,T,34,,
,,,,,,P2,Dave Jay Kamlesh,D311,F,34,,
,,,,,,P3,Dave Jay Kamlesh,D311,Th,910,,
,,,,,,P4,Sk Aziz Ali,D311,T,89,,
,,,,,,P5,Paresh Saxena,D311,W,78,,
,,,,,,P6,P K Thiruvikraman,D311,F,78,,
,,,,,,P7,P K Thiruvikraman,D311,Th,78,,
,,,,,,P8,Sai Lakshmi Radhika Tantravahi,D311,Th,34,,
,,,,,,P9,Supradeepan K,D311,M,34,,
,,,,,,P10,Pardha Saradhi Gurugubelli Venkata,D311,W,34,,
1095,CS F212,DATA BASE SYSTEMS,3,1,4,L1,J JABEZ CHRISTOPHER,F104,T Th,10,10/10 -  3.30 - 5.00PM,11/12 FN
,,,,,,,J Jabez Christopher,F104,F,7,10/10 -  3.30 - 5.00PM,11/12 FN
,,,,,,P1,Prajna Devi Upadhyay,D311,M,89,,
,,,,,,P2,Prajna Devi Upadhyay,D312,F,89,,
,,,,,,P3,Tba. Cs,D312,Th,89,,
1092,CS F213,OBJECT ORIENTED PROG,3,1,4,L1,SUBHRAKANTA PANDA,F102,T Th,3,11/10 -  3.30 - 5.00PM,13/12 AN
,,,,,,,Subhrakanta Panda,F102,W,10,11/10 -  3.30 - 5.00PM,13/12 AN
,,,,,,T1,Aneesh Srivallabh Chivukula,I221,F,1,,
,,,,,,T2,Aneesh Srivallabh Chivukula,J107,T,10,,
,,,,,,T3,Abhijit Das,J107,F,1,,
,,,,,,T4,Abhijit Das,J107,Th,10,,
,,,,,,P1,Subhrakanta Panda,D313,M,23,,
,,,,,,P2,Subhrakanta Panda,D313,W,67,,
,,,,,,P3,Subhrakanta Panda,D313,T,67,,
,,,,,,P4,Abhijit Das,D313,Th,67,,
,,,,,,P5,Aneesh Srivallabh Chivukula,D313,M,67,,
1090,CS F214,LOGIC IN COMPUTER SC,3,0,3,L1,TATHAGATA RAY,F102,T Th,2,09/10 - 11.30 - 1.00PM,08/12 AN
,,,,,,,Tathagata Ray,F102,M,10,09/10 - 11.30 - 1.00PM,08/12 AN
,,,,,,T1,Tathagata Ray,G106,M,1,,
,,,,,,T2,Tathagata Ray,G106,W,1,,
,,,,,,T3,Sameera Muhamed Salam,G105,W,1,,
,,,,,,T4,Sameera Muhamed Salam,G105,M,1,,
1093,CS F215,DIGITAL DESIGN,3,1,4,L1,S GURUNARAYANAN,F102,M W F,4,08/10 - 11.30 - 1.00PM,05/12 AN
,,,,,,L2,Prasant Kumar Pattnaik,F105,M W F,4,08/10 - 11.30 - 1.00PM,05/12 AN
,,,,,,L3,Meera Kumari,F103,M W F,4,08/10 - 11.30 - 1.00PM,05/12 AN
,,,,,,T1,Meera Kumari,G202,T,10,,
,,,,,,T2,Meera Kumari,G202,Th,10,,
,,,,,,T3,Prasant Kumar Pattnaik,G203,T,10,,
,,,,,,T4,Prasant Kumar Pattnaik,G203,Th,10,,
,,,,,,T5,Amit Kumar Panda,G204,T,10,,
,,,,,,T6,Soumya J,G204,Th,10,,
,,,,,,T7,Pranay Agarwal,G206,T,10,,
,,,,,,T8,Amit Kumar Panda,G206,Th,10,,
,,,,,,T9,Aalelai Vendhan M,G207,T,10,,
,,,,,,T10,Aalelai Vendhan M,G208,Th,10,,
,,,,,,P1,Kanika,I012,M,67,,
,,,,,,,Himanshu Singh,,,,,
,,,,,,,Nishchitha N K,,,,,
,,,,,,P2,Kanika,I012,W,67,,
,,,,,,,Gowthampolumati,,,,,
,,,,,,,Mou Sarkar,,,,,
,,,,,,P3,Prasant Kumar Pattnaik,I012,T,67,,
,,,,,,,Nishchitha N K,,,,,
,,,,,,,Sohel Siraj,,,,,
,,,,,,P4,Pranay Agarwal,I012,Th,67,,
,,,,,,,Sagnik Kundu,,,,,
,,,,,,,Yuvraj Maphrio Mao,,,,,
,,,,,,P5,Surya Shankar Dan,I013,M,67,,
,,,,,,,Baishali Paul,,,,,
,,,,,,,Sagnik Kundu,,,,,
,,,,,,P6,Chetan Kumar Vudadha,I012,M,23,,
,,,,,,,Abbidi Shivani Reddy,,,,,
,,,,,,,Aditi Sood,,,,,
,,,,,,P7,Meera Kumari,I013,Th,67,,
,,,,,,,Aditi Sood,,,,,
,,,,,,,Amgith G S,,,,,
,,,,,,P8,Meera Kumari,I013,T,67,,
,,,,,,,Kandi Mounika,,,,,
,,,,,,,Mou Sarkar,,,,,
,,,,,,P9,Himanshu Singh,I013,W,23,,
,,,,,,,Nongthombam Joychandra Singh,,,,,
,,,,,,P10,Gowthampolumati,I013,M,23,,
,,,,,,,Isha Basumatary,,,,,
,,,,,,P11,Sohel Siraj,I013,F,23,,
,,,,,,,Soppari Nithesh,,,,,
,,,,,,P12,Yadav Shubham Deepak,I012,T,45,,
,,,,,,,Yuvraj Maphrio Mao,,,,,
,,,,,,P13,Baishali Paul,I013,W,67,,
,,,,,,,Yadav Shubham Deepak,,,,,
,,,,,,P14,Abbidi Shivani Reddy,I013,T,45,,
,,,,,,,Soppari Nithesh,,,,,
,,,,,,P15,Amgith G S,I012,W,23,,
,,,,,,,Isha Basumatary,,,,,
,,,,,,P16,Nongthombam Joychandra Singh,I012,F,23,,
,,,,,,,Kandi Mounika,,,,,
1091,CS F222,DISCR STRUC FOR COMP SCI,3,0,3,L1,LALITA BHANU MURTHY NETI,F102,F,7,10/10 -  9.30 - 11.00AM,10/12 FN
,,,,,,,Lalita Bhanu Murthy Neti,F102,T Th,9,10/10 -  9.30 - 11.00AM,10/12 FN
,,,,,,T1,Lalita Bhanu Murthy Neti,G104,M,1,,
,,,,,,T2,Lalita Bhanu Murthy Neti,G104,W,1,,
,,,,,,T3,Apurba Das,G103,M,1,,
,,,,,,T4,Sajith P,I221,T,7,,
1655,CS F266,STUDY PROJECT,0,0,3,,Apurba Das,,,,,
1316,CS F301,PRINCIPLES OF PROGG LANG,2,0,2,L1,R GURURAJ,F102,M W,3,06/10 - 3.30 - 5.00PM,02/12 AN
,,,,,,T1,R Gururaj,I113,F,3,,
,,,,,,T2,R Gururaj,J217,T,7,,
,,,,,,T3,Tba. Cs,J217,Th,1,,
2266,CS F320,FOUNDATIONS OF DATA SCIENCE,3,0,3,L1,LALITA BHANU MURTHY NETI,F106,T Th,3,11/10 - 1.30 - 3.00PM,13/12 FN
,,,,,,,Lalita Bhanu Murthy Neti,F106,W,10,11/10 - 3.30 - 5.00PM,13/12 FN
12624,CS F321,SYSTEM SECURITY,3,0,3,L1,BARSHA MITRA,I210,M W F,2,10/10 - 11.30 - 1.00PM,10/12 AN
1317,CS F342,COMPUTER ARCHITECTURE,3,1,4,L1,RAJIB RANJAN MAITI,F102,M W F,5,08/10 - 1.30 - 3.00PM,06/12 FN
,,,,,,T1,Rajib Ranjan Maiti,I213,Th,7,,
,,,,,,T2,Rajib Ranjan Maiti,I211,T,1,,
,,,,,,T3,Nikumani Choudhury,J219,Th,7,,
,,,,,,T4,Nikumani Choudhury,I113,T,1,,
,,,,,,P1,Rajib Ranjan Maiti,D313,M,89,,
,,,,,,P2,Rajib Ranjan Maiti,D312,T,89,,
,,,,,,P3,Aritra Mukherjee,D313,W,89,,
,,,,,,P4,Aritra Mukherjee,D313,Th,89,,
1314,CS F351,THEORY OF COMPUTATION,3,0,3,L1,VENKATAKRISHNAN RAMASWAMY,F102,T Th,4,11/10 - 9.30 - 11.00AM,12/12 FN
,,,,,,,Venkatakrishnan Ramaswamy,F102,W,7,11/10 - 9.30 - 11.00AM,12/12 FN
,,,,,,T1,Venkatakrishnan Ramaswamy,I112,Th,7,,
,,,,,,T2,Venkatakrishnan Ramaswamy,I112,T,7,,
,,,,,,T3,Sameera Muhamed Salam,I113,T,7,,
,,,,,,T4,Sameera Muhamed Salam,I113,Th,7,,
1670,CS F366,LABORATORY PROJECT,0,0,3,,Apurba Das,,,,,
1740,CS F367,LABORATORY PROJECT,0,0,3,,Apurba Das,,,,,
1315,CS F372,OPERATING SYSTEMS,3,0,3,L1,DIPANJAN CHAKRABORTY,F102,T Th,6,09/10 - 1.30 - 3.00PM,09/12 FN
,,,,,,,Dipanjan Chakraborty,F102,M,7,09/10 - 1.30 - 3.00PM,09/12 FN
,,,,,,T1,Dipanjan Chakraborty,D313,T,1,,
,,,,,,T2,Dipanjan Chakraborty,D313,Th,1,,
,,,,,,T3,Barsha Mitra,D311,T,1,,
,,,,,,T4,Barsha Mitra,D311,Th,1,,
1689,CS F376,DESIGN PROJECT,0,0,3,,Apurba Das,,,,,
1756,CS F377,DESIGN PROJECT,0,0,3,,Apurba Das,,,,,
1333,CS F407,ARTIFICIAL INTELLIGENCE,3,0,3,L1,ABHIJIT DAS,F106,M W F,4,08/10 - 9.30 - 11.00AM,05/12 FN
2440,CS F425,DEEP LEARNING,3,0,3,L1,PARESH SAXENA,I112,T Th,2,09/10 - 9.30 - 11.00AM,08/12 FN
,,,,,,,Paresh Saxena,I112,M,10,09/10 - 9.30 - 11.00AM,08/12 FN
2444,CS F429,"NATURAL LANGUAGE
PROCESSING",3,0,3,L1,PRAJNA DEVI UPADHYAY,J121,M W F,1,04/10 - 3.30 - 5.00PM,16/12 FN
12626,CS F434,DATA SCIENCE FOR HEALTHCARE,3,0,3,L1,MANIK GUPTA,J120,M W F,1,04/10 - 3.30 - 5.00PM,16/12 FN
,CS F491,SPECIAL PROJECT,0,0,3,P1,APURBA DAS,,,,,
2449,CS G516,ADVANCED DATABASE SYSTEMS,3,1,4,L1,AKANKSHA RATHORE,I122,T Th,5,09/10 - 1.30 - 3.00PM,09/12 FN
,,,,,,,Akanksha Rathore,I122,F,7,,
,,,,,,P1,Akanksha Rathore,I015,M W,23,,
2451,CS G519,SOCIAL MEDIA ANALYTICS,3,1,4,L1,J JABEZ CHRISTOPHER,I112,T Th,3,11/10 -  1.30 - 3.00PM,13/12 FN
,,,,,,,J Jabez Christopher,I112,F,10,,
,,,,,,P1,J Jabez Christopher,I015,M W,67,,
2004,CS G525,ADV COMPUTER NETWORKS,3,2,5,L1,NIKUMANI CHOUDHURY,I222,M W F,3,06/10 - 11.30 - 1.00PM,01/12 AN
,,,,,,P1,Nikumani Choudhury,I015,M,89,,
2005,CS G526,ADV ALGORITHMS & COMPLEXITY,3,2,5,L1,APURBA DAS,I122,T Th,4,11/10 -  9.30 - 11.00AM,15/12 FN
,,,,,,,Apurba Das,I122,M,7,,
,,,,,,P1,Apurba Das,I015,Th,67,,
918,CS G553,RECONFIGURABLE COMPUTING,3,2,5,L1,CHETAN KUMAR VUDADHA,I212,T Th,2,06/10 - 11.30 - 1.00PM,01/12 AN
,,,,,,,Chetan Kumar Vudadha,I212,W,11,,
,,,,,,P1,Chetan Kumar Vudadha,I124,T Th,910,,
,,,,,,,Himanshi Awasthi,,,,,
,,,,,,P2,R Nandagopal,I124,M W,910,,
782,CS G623,ADVANCED OPERAT SYSTEMS,3,2,5,L1,G GEETHAKUMARI,I210,M W F,5,08/10 -  1.30 - 3.00PM,06/12 FN
,,,,,,P1,G Geethakumari,I015,T,67,,
436,DE G514,FRACTURE MECHANICS,3,2,5,L1,VUPPULURI AMOL,G204,M W F,3,08/10 -  1.30 - 3.00PM,06/12 FN
,,,,,,P1,Vuppuluri Amol,E220,T Th,67,,
362,DE G531,PRODUCT DESIGN,3,2,5,L1,NITIN RAMESHRAO KOTKUNDE,G207,T Th,3,06/10 - 11.30 - 1.00PM,01/12 AN
,,,,,,,Nitin Rameshrao Kotkunde,G207,Th,10,,
,,,,,,P1,Vicky Lad,D208 B,W F,89,,
678,DE G611,DYNAMICS & VIBRATION,3,2,5,L1,SABAREESH GEETHA RAJASEKHARAN,G204,T Th,4,10/10 -  3.30 - 5.00PM,11/12 FN
,,,,,,,Sabareesh Geetha Rajasekharan,G204,M,7,,
,,,,,,P1,Sabareesh Geetha Rajasekharan,D331B,M W,45,,
,,,,,,,Akashjyoti Barman,,,,,
625,DE G631,MATERIALS TECH AND TESTING,3,2,5,L1,RAVI SHANKER VIDYARTHY,G107,M W F,2,09/10 -  1.30 - 3.00PM,09/12 FN
,,,,,,P1,Danavath Balu,E004,M W,45,,
1380,ECE F211,ELECTRICAL MACHINES,3,1,4,L1,ANKUR BHATTACHARJEE,F105,T Th,2,09/10 - 11.30 - 1.00PM,08/12 AN
,,,,,,,Ankur Bhattacharjee,F105,M,10,09/10 - 11.30 - 1.00PM,08/12 AN
,,,,,,L2,Stp Srinivas,F104,T Th,2,09/10 - 11.30 - 1.00PM,08/12 AN
,,,,,,,Neha Tak,,,,,
,,,,,,,Stp Srinivas,F104,M,10,09/10 - 11.30 - 1.00PM,08/12 AN
,,,,,,,Neha Tak,,,,,
,,,,,,T1,Ankur Bhattacharjee,I111,W,1,,
,,,,,,T2,Ankur Bhattacharjee,I111,F,1,,
,,,,,,T3,Stp Srinivas,I112,W,1,,
,,,,,,T4,Neha Tak,I112,F,1,,
,,,,,,T5,R N Ponnalagu,I113,W,1,,
,,,,,,T6,R N Ponnalagu,I113,F,1,,
,,,,,,T7,Pratyush Chakraborty,I114,W,1,,
,,,,,,T8,Pratyush Chakraborty,I114,F,1,,
,,,,,,P1,Ankur Bhattacharjee,W106,M,67,,
,,,,,,,Gorityala Aishvaria,,,,,
,,,,,,,Mahad Mohamud Uud,,,,,
,,,,,,P2,Joyjit Mukherjee,W106,T,67,,
,,,,,,,Mahad Mohamud Uud,,,,,
,,,,,,,Pragada Dheeraj Abhinav,,,,,
,,,,,,P3,Sudha Radhika,W106,W,67,,
,,,,,,,Danwada Sharanya,,,,,
,,,,,,,Avula Vijay Kumar,,,,,
,,,,,,P4,Pratyush Chakraborty,W106,Th,67,,
,,,,,,,Aabid Chandbasha Mulla,,,,,
,,,,,,,Abhinav Sharma,,,,,
,,,,,,P5,Gorityala Aishvaria,W106,M,23,,
,,,,,,,Krishna Tejus E M,,,,,
,,,,,,P6,Pragada Dheeraj Abhinav,W106,W,23,,
,,,,,,,Abhinav Sharma,,,,,
,,,,,,P7,Avula Vijay Kumar,W106,F,23,,
,,,,,,,Danwada Sharanya,,,,,
,,,,,,P8,Krishna Tejus E M,W106,T,45,,
,,,,,,,Aabid Chandbasha Mulla,,,,,
1381,ECE F212,ELECTROMAGNETIC THEO I,3,0,3,L1,"SATYA NARAYANA MURTHY
VEMULAPATI",G201,F,7,10/10 -  9.30 - 11.00AM,10/12 FN
,,,,,,,Satya Narayana Murthy Vemulapati,G201,T Th,9,10/10 -  9.30 - 11.00AM,10/12 FN
,,,,,,L2,Asrarul Haque,G202,F,7,10/10 -  9.30 - 11.00AM,10/12 FN
,,,,,,,Asrarul Haque,G202,T Th,9,10/10 -  9.30 - 11.00AM,10/12 FN
,,,,,,L3,Rickmoy Samanta,G203,F,7,10/10 -  9.30 - 11.00AM,10/12 FN
,,,,,,,Rickmoy Samanta,G203,T Th,9,10/10 -  9.30 - 11.00AM,10/12 FN
,,,,,,L4,Tanay Nag,G204,F,7,10/10 -  9.30 - 11.00AM,10/12 FN
,,,,,,,Tanay Nag,G204,T Th,9,10/10 -  9.30 - 11.00AM,10/12 FN
,,,,,,L5,Subhash Narayan Karbelkar,G205,F,7,10/10 -  9.30 - 11.00AM,10/12 FN
,,,,,,,Subhash Narayan Karbelkar,G205,T Th,9,10/10 -  9.30 - 11.00AM,10/12 FN
,,,,,,L6,Sashideep Gutti,G206,F,7,10/10 -  9.30 - 11.00AM,10/12 FN
,,,,,,,Sashideep Gutti,G206,T Th,9,10/10 -  9.30 - 11.00AM,10/12 FN
,,,,,,L7,Swastik Bhattacharya,G207,F,7,10/10 -  9.30 - 11.00AM,10/12 FN
,,,,,,,Swastik Bhattacharya,G207,T Th,9,10/10 -  9.30 - 11.00AM,10/12 FN
,,,,,,T1,Satya Narayana Murthy Vemulapati,G201,M,1,,
,,,,,,T2,Asrarul Haque,G202,M,1,,
,,,,,,T3,Rickmoy Samanta,G203,M,1,,
,,,,,,T4,Tanay Nag,G204,M,1,,
,,,,,,T5,Subhash Narayan Karbelkar,G205,M,1,,
,,,,,,T6,Sashideep Gutti,G206,M,1,,
,,,,,,T7,Swastik Bhattacharya,G102,M,1,,
1383,ECE F214,ELECTRONIC DEVICES,3,0,3,L1,PARIKSHIT PARSHURAM SAHATIYA,F105,T Th,3,11/10 -  3.30 - 5.00PM,13/12 AN
,,,,,,,Parikshit Parshuram Sahatiya,F105,W,10,11/10 -  3.30 - 5.00PM,13/12 AN
,,,,,,L2,Sayan Kanungo,F104,T Th,3,11/10 -  3.30 - 5.00PM,13/12 AN
,,,,,,,Sayan Kanungo,F104,W,10,11/10 -  3.30 - 5.00PM,13/12 AN
,,,,,,T1,Parikshit Parshuram Sahatiya,I210,W,1,,
,,,,,,,O V Vishnu Vardhan Koundinya,,,,,
,,,,,,T2,Sayan Kanungo,I210,F,1,,
,,,,,,,Banala Rathan Kumar,,,,,
,,,,,,T3,Pritesh Kumar Yadav,I213,W,1,,
,,,,,,,Trivedi Nandini Ashokkumar,,,,,
,,,,,,T4,Sumit Kumar Chatterjee,I212,W,1,,
,,,,,,T5,Sumit Kumar Chatterjee,I212,F,1,,
,,,,,,T6,Sumit Kumar Chatterjee,I211,W,7,,
,,,,,,T7,Pritesh Kumar Yadav,I211,F,1,,
1382,ECE F215,DIGITAL DESIGN,3,1,4,L1,S GURUNARAYANAN,F102,M W F,4,08/10 - 11.30 - 1.00PM,05/12 AN
,,,,,,L2,Prasant Kumar Pattnaik,F105,M W F,4,08/10 - 11.30 - 1.00PM,05/12 AN
,,,,,,L3,Meera Kumari,F103,M W F,4,08/10 - 11.30 - 1.00PM,05/12 AN
,,,,,,T1,Meera Kumari,G202,T,10,,
,,,,,,T2,Meera Kumari,G202,Th,10,,
,,,,,,T3,Prasant Kumar Pattnaik,G203,T,10,,
,,,,,,T4,Prasant Kumar Pattnaik,G203,Th,10,,
,,,,,,T5,Amit Kumar Panda,G204,T,10,,
,,,,,,T6,Soumya J,G204,Th,10,,
,,,,,,T7,Pranay Agarwal,G206,T,10,,
,,,,,,T8,Amit Kumar Panda,G206,Th,10,,
,,,,,,T9,Aalelai Vendhan M,G207,T,10,,
,,,,,,T10,Aalelai Vendhan M,G208,Th,10,,
,,,,,,P1,Kanika,I012,M,67,,
,,,,,,,Himanshu Singh,,,,,
,,,,,,,Nishchitha N K,,,,,
,,,,,,P2,Kanika,I012,W,67,,
,,,,,,,Gowthampolumati,,,,,
,,,,,,,Mou Sarkar,,,,,
,,,,,,P3,Prasant Kumar Pattnaik,I012,T,67,,
,,,,,,,Nishchitha N K,,,,,
,,,,,,,Sohel Siraj,,,,,
,,,,,,P4,Pranay Agarwal,I012,Th,67,,
,,,,,,,Sagnik Kundu,,,,,
,,,,,,,Yuvraj Maphrio Mao,,,,,
,,,,,,P5,Surya Shankar Dan,I013,M,67,,
,,,,,,,Baishali Paul,,,,,
,,,,,,,Sagnik Kundu,,,,,
,,,,,,P6,Chetan Kumar Vudadha,I012,M,23,,
,,,,,,,Abbidi Shivani Reddy,,,,,
,,,,,,,Aditi Sood,,,,,
,,,,,,P7,Meera Kumari,I013,Th,67,,
,,,,,,,Aditi Sood,,,,,
,,,,,,,Amgith G S,,,,,
,,,,,,P8,Meera Kumari,I013,T,67,,
,,,,,,,Kandi Mounika,,,,,
,,,,,,,Mou Sarkar,,,,,
,,,,,,P9,Himanshu Singh,I013,W,23,,
,,,,,,,Nongthombam Joychandra Singh,,,,,
,,,,,,P10,Gowthampolumati,I013,M,23,,
,,,,,,,Isha Basumatary,,,,,
,,,,,,P11,Sohel Siraj,I013,F,23,,
,,,,,,,Soppari Nithesh,,,,,
,,,,,,P12,Yadav Shubham Deepak,I012,T,45,,
,,,,,,,Yuvraj Maphrio Mao,,,,,
,,,,,,P13,Baishali Paul,I013,W,67,,
,,,,,,,Yadav Shubham Deepak,,,,,
,,,,,,P14,Abbidi Shivani Reddy,I013,T,45,,
,,,,,,,Soppari Nithesh,,,,,
,,,,,,P15,Amgith G S,I012,W,23,,
,,,,,,,Isha Basumatary,,,,,
,,,,,,P16,Nongthombam Joychandra Singh,I012,F,23,,
,,,,,,,Kandi Mounika,,,,,
2516,ECE F216,"ELECTRONIC DEVICES
SIMULATION LABORATORY",0,2,2,P1,SK MASUM NAWAZ,J114,M,8,,
,,,,,,,Ramsha Tuba,,,,,
,,,,,,,Sk Masum Nawaz,J114,M,9,,
,,,,,,,Ramsha Tuba,,,,,
,,,,,,,Sk Masum Nawaz,J114,F,9,,
,,,,,,,Ramsha Tuba,,,,,
,,,,,,,Sk Masum Nawaz,J114,F,10,,
,,,,,,,Ramsha Tuba,,,,,
1701,ECE F266,STUDY PROJECT,0,0,3,,Sumit Kumar Chatterjee,,,,,
1389,ECE F311,COMMUNICATION SYSTEMS,3,1,4,L1,RUNA KUMARI,F104,M W F,3,06/10 - 3.30 - 5.00PM,02/12 AN
,,,,,,L2,Subhradeep Pal,F103,M W F,3,06/10 - 3.30 - 5.00PM,02/12 AN
,,,,,,T1,Runa Kumari,I210,T,7,,
,,,,,,T2,Runa Kumari,I210,Th,7,,
,,,,,,T3,Subhradeep Pal,I211,T,7,,
,,,,,,T4,Rajesh Kumar Tripathy,I211,Th,7,,
,,,,,,T5,Prashant K Wali,I212,T,7,,
,,,,,,P1,Runa Kumari,H106,F,78,,
,,,,,,,K Madhavi,,,,,
,,,,,,,M S Vaishnavi,,,,,
,,,,,,P2,Prashant K Wali,H106,Th,89,,
,,,,,,,Chenna Suresh Kumar,,,,,
,,,,,,,K Madhavi,,,,,
,,,,,,P3,Rajesh Kumar Tripathy,H106,W,89,,
,,,,,,,Amrutha Lahari Sree Rama,,,,,
,,,,,,,Chinthapalli Amulya,,,,,
,,,,,,,Keerthi C J,,,,,
,,,,,,P4,M S Vaishnavi,H106,M,89,,
,,,,,,,Dasari Bujji Babu,,,,,
,,,,,,P5,Chenna Suresh Kumar,H106,T,89,,
,,,,,,,Chinthapalli Amulya,,,,,
,,,,,,P6,Dasari Bujji Babu,H106,F,910,,
,,,,,,,Amrutha Lahari Sree Rama,,,,,
,,,,,,,Keerthi C J,,,,,
2781,ECE F331,MICROWAVE ENGINEERING,3,1,4,L1,HARISH VIJAY DIXIT,F104,M W F,5,08/10 - 1.30 - 3.00PM,06/12 FN
,,,,,,,Lalit Kumar,,,,,
,,,,,,T1,Harish Vijay Dixit,I113,Th,1,,
,,,,,,T2,Harish Vijay Dixit,I114,T,1,,
,,,,,,T3,Shaik Sultan,I114,Th,1,,
,,,,,,P1,Harish Vijay Dixit,W101,T,89,,
,,,,,,,Avula Brahma Tejaswini,,,,,
,,,,,,P2,Harish Vijay Dixit,W101,Th,89,,
,,,,,,,Karri Y K G R Srinivasu,,,,,
,,,,,,P3,Annaram Sowjanya,W101,F,78,,
,,,,,,,Karri Y K G R Srinivasu,,,,,
,,,,,,P4,Tba. Eee,W101,F,910,,
,,,,,,,Avula Brahma Tejaswini,,,,,
,,,,,,P5,Shaik Sultan,W101,M,89,,
,,,,,,,Annaram Sowjanya,,,,,
1702,ECE F366,LABORATORY PROJECT,0,0,3,,Sourav Nandi,,,,,
1705,ECE F367,LABORATORY PROJECT,0,0,3,,Sourav Nandi,,,,,
1703,ECE F376,DESIGN PROJECT,0,0,3,,Sourav Nandi,,,,,
1706,ECE F377,DESIGN PROJECT,0,0,3,,Sourav Nandi,,,,,
1392,ECE F434,DIGITAL SIGNAL PROCESS,3,1,4,L1,BVVSN PRABHAKAR RAO,F106,T Th,5,09/10 - 1.30 - 3.00PM,09/12 FN
,,,,,,,Bvvsn Prabhakar Rao,F106,M,7,09/10 - 1.30 - 3.00PM,09/12 FN
,,,,,,T1,Bvvsn Prabhakar Rao,I122,T,1,,
,,,,,,T2,Venkateswaran Rajagopalan,I122,Th,1,,
,,,,,,T3,Subhendu Kumar Sahoo,I222,T,10,,
,,,,,,P1,Venkateswaran Rajagopalan,I011,M,89,,
,,,,,,,Krishnapriya G B,,,,,
,,,,,,,Sajith Pm,,,,,
,,,,,,P2,Bvvsn Prabhakar Rao,I011,W,89,,
,,,,,,,Sreejith V,,,,,
,,,,,,,Tba. Eee,,,,,
,,,,,,P3,Parvathy Nair,I011,T,89,,
,,,,,,,Tba. Eee,,,,,
,,,,,,P4,Sajith Pm,I011,Th,89,,
,,,,,,,Tba. Eee,,,,,
,,,,,,P5,Krishnapriya G B,I011,F,78,,
,,,,,,,Parvathy Nair,,,,,
2782,ECE F438,ELECTRIC VEHICLES,3,0,3,L1,PRATYUSH CHAKRABORTY,I213,M W F,4,08/10 - 9.30 - 11.00AM,05/12 FN
1023,ECON F211,PRINCIPLES OF ECONOMICS,3,0,3,L1,Rishi Kumar,J121,T Th,8,07/10 -  9.30 - 11.00AM,03/12 FN
,,,,,,,Archana Srivastava,,,,,
,,,,,,,Rishi Kumar,J121,Th,1,,
,,,,,,,Archana Srivastava,,,,,
,,,,,,L2,Rishi Kumar,J121,M W F,9,07/10 -  9.30 - 11.00AM,03/12 FN
,,,,,,,Archana Srivastava,,,,,
,,,,,,L3,BHEEMESHWAR REDDY A,J218,T Th,8,07/10 -  9.30 - 11.00AM,03/12 FN
,,,,,,,Thota Nagaraju,,,,,
,,,,,,,Bheemeshwar Reddy A,J218,Th,1,,
,,,,,,,Thota Nagaraju,,,,,
,,,,,,L4,Bheemeshwar Reddy A,J218,M W F,9,07/10 -  9.30 - 11.00AM,03/12 FN
,,,,,,,Thota Nagaraju,,,,,
,,,,,,L5,Mini Thomas P,J219,T Th,8,07/10 -  9.30 - 11.00AM,03/12 FN
,,,,,,,Sudatta Banerjee,,,,,
,,,,,,,Mini Thomas P,J219,Th,1,,
,,,,,,,Sudatta Banerjee,,,,,
,,,,,,L6,Mini Thomas P,J219,M W F,3,07/10 -  9.30 - 11.00AM,03/12 FN
,,,,,,,Sudatta Banerjee,,,,,
1120,ECON F212,FUNDA OF FIN AND ACCOUNT,3,0,3,L1,THOTA NAGARAJU,F207,M W F,4,04/10 -  3.30 - 5.00PM,16/12 AN
,,,,,,L2,Utkarsh Kumar,F207,M W F,2,04/10 -  3.30 - 5.00PM,16/12 AN
1121,ECON F213,MATHEMATIC & STAT METHOD,3,0,3,L1,DUSHYANT KUMAR,F208,F,7,11/10 -  3.30 - 5.00PM,13/12 AN
,,,,,,,Dushyant Kumar,F208,T Th,9,11/10 -  3.30 - 5.00PM,13/12 AN
,,,,,,T1,Dushyant Kumar,J119,M,7,,
1145,ECON F214,ECONOMIC ENV OF BUSINESS,3,0,3,L1,SUDATTA BANERJEE,F207,T Th,3,10/10 -  9.30 - 11.00AM,10/12 FN
,,,,,,,Sudatta Banerjee,F207,W,10,10/10 -  9.30 - 11.00AM,10/12 FN
,,,,,,T1,Soumya Sucharita Panda,J115,F,1,,
1656,ECON F266,STUDY PROJECT,0,0,3,,Sravani Bharandev,,,,,
1446,ECON F311,INTERNATIONAL ECONOMICS,3,0,3,L1,ARCHANA SRIVASTAVA,F207,T Th,4,07/10 - 3.30 - 5.00PM,04/12 AN
,,,,,,,Archana Srivastava,F207,F,5,07/10 - 3.30 - 5.00PM,04/12 AN
,,,,,,T1,Archana Srivastava,F207,T,1,,
1447,ECON F312,MONEY BANKING & FIN MARKETS,3,0,3,L1,SUNNY KUMAR SINGH,F207,M W F,9,11/10 - 9.30 - 11.00AM,12/12 FN
,,,,,,T1,Sunny Kumar Singh,F207,T,8,,
1448,ECON F313,ISSUES IN ECONOMIC DEV,3,0,3,L1,DURGESH CHANDRA PATHAK,F207,M W F,8,06/10 - 11.30 - 1.00PM,01/12 AN
,,,,,,T1,Durgesh Chandra Pathak,F207,Th,8,,
1923,ECON F315,FINANCIAL MANAGEMENT,3,0,3,L1,SRAVANI BHARANDEV,F208,M W F,4,08/10 - 9.30 - 11.00AM,05/12 FN
1565,ECON F354,DERIVATIVES & RISK MGMT,3,0,3,L1,CHINA HUSSAIN YAGANTI,F208,T Th,3,11/10 - 1.30 - 3.00PM,13/12 FN
,,,,,,,China Hussain Yaganti,F208,W,10,11/10 - 3.30 - 5.00PM,13/12 FN
1547,ECON F355,BUSS ANAL & VALUATION,3,0,3,L1,NIVEDITA SINHA,F208,T Th,2,09/10 - 9.30 - 11.00AM,08/12 FN
,,,,,,,Nivedita Sinha,F208,M,10,09/10 - 9.30 - 11.00AM,08/12 FN
1684,ECON F366,LABORATORY PROJECT,0,0,3,,Sravani Bharandev,,,,,
1741,ECON F367,LABORATORY PROJECT,0,0,3,,Sravani Bharandev,,,,,
1690,ECON F376,DESIGN PROJECT,0,0,3,,Sravani Bharandev,,,,,
1757,ECON F377,DESIGN PROJECT,0,0,3,,Sravani Bharandev,,,,,
1566,ECON F412,SECUR ANAL & PORTFOL MGT,3,0,3,L1,SHREYA BISWAS,F208,M W F,2,10/10 - 11.30 - 1.00PM,10/12 AN
,ECON F415,NEW VENTURE CREATION,3,0,3,L1,MUMHAMMED SAJID N,F101,T Th,1011,,
,ECON F491,SPECIAL PROJECT,0,0,3,,Sravani Bharandev,,,,,
2552,ECON G543,ADVANCED CORPORATE FINANCE,3,0,4,L1,SRAVANI BHARANDEV,J115,T Th,5,08/10 - 9.30 - 11.00AM,05/12 FN
,,,,,,,Sravani Bharandev,J115,M,8,,
2554,ECON G545,FINANCIAL ECONOMICS,3,0,4,L1,SHREYA BISWAS,J115,T Th,3,10/10 - 11.30 - 1.00PM,10/12 AN
,,,,,,,Shreya Biswas,J115,F,8,,
2556,ECON G547,TOPICS IN MACROECONOMICS,3,0,4,L1,SUNNY KUMAR SINGH,J115,M W F,3,11/10 - 9.30 - 11.00AM,12/12 FN
2557,ECON G548,"TOPICS IN MATHEMATICAL
ECONOMICS",3,0,4,L1,DUSHYANT KUMAR,J119,T Th,4,11/10 -  3.30 - 5.00PM,13/12 AN
,,,,,,,Dushyant Kumar,J119,W,8,,
1009,EEE F111,ELECTRICAL SCIENCES,3,0,3,L1,MITHUN MONDAL,F103,M W F,5,10/10 -  1.30 - 3.00PM,11/12 FN
,,,,,,L2,Sudha Radhika,F103,M W F,2,10/10 -  1.30 - 3.00PM,11/12 FN
,,,,,,L3,Arindam Kushagra,F106,W F,2,10/10 -  1.30 - 3.00PM,11/12 FN
,,,,,,,,F106,T,7,,
,,,,,,T1,Mithun Mondal,I111,T,10,,
,,,,,,,P Swati Patro,,,,,
,,,,,,T2,Mithun Mondal,I111,W,10,,
,,,,,,,Kurakula Anudeep,,,,,
,,,,,,T3,Sudha Radhika,I112,T,10,,
,,,,,,,Mulla Gouse Basha,,,,,
,,,,,,T4,Sudha Radhika,I113,W,10,,
,,,,,,T5,Arindam Kushagra,I113,T,10,,
,,,,,,T6,Arindam Kushagra,I112,M,10,,
,,,,,,T7,Ravikiran Yeleswarapu,I114,T,10,,
,,,,,,T8,Ravikiran Yeleswarapu,I114,W,10,,
,,,,,,T9,Sourav Nandi,I122,T,10,,
,,,,,,T10,Sourav Nandi,I211,M,10,,
1077,EEE F211,ELECTRICAL MACHINES,3,1,4,L1,ANKUR BHATTACHARJEE,F105,T Th,2,09/10 - 11.30 - 1.00PM,08/12 AN
,,,,,,,Ankur Bhattacharjee,F105,M,10,09/10 - 11.30 - 1.00PM,08/12 AN
,,,,,,L2,Stp Srinivas,F104,T Th,2,09/10 - 11.30 - 1.00PM,08/12 AN
,,,,,,,Neha Tak,,,,,
,,,,,,,Stp Srinivas,F104,M,10,09/10 - 11.30 - 1.00PM,08/12 AN
,,,,,,,Neha Tak,,,,,
,,,,,,T1,Ankur Bhattacharjee,I111,W,1,,
,,,,,,T2,Ankur Bhattacharjee,I111,F,1,,
,,,,,,T3,Stp Srinivas,I112,W,1,,
,,,,,,T4,Neha Tak,I112,F,1,,
,,,,,,T5,R N Ponnalagu,I113,W,1,,
,,,,,,T6,R N Ponnalagu,I113,F,1,,
,,,,,,T7,Pratyush Chakraborty,I114,W,1,,
,,,,,,T8,Pratyush Chakraborty,I114,F,1,,
,,,,,,P1,Ankur Bhattacharjee,W106,M,67,,
,,,,,,,Gorityala Aishvaria,,,,,
,,,,,,,Mahad Mohamud Uud,,,,,
,,,,,,P2,Joyjit Mukherjee,W106,T,67,,
,,,,,,,Mahad Mohamud Uud,,,,,
,,,,,,,Pragada Dheeraj Abhinav,,,,,
,,,,,,P3,Sudha Radhika,W106,W,67,,
,,,,,,,Danwada Sharanya,,,,,
,,,,,,,Avula Vijay Kumar,,,,,
,,,,,,P4,Pratyush Chakraborty,W106,Th,67,,
,,,,,,,Aabid Chandbasha Mulla,,,,,
,,,,,,,Abhinav Sharma,,,,,
,,,,,,P5,Gorityala Aishvaria,W106,M,23,,
,,,,,,,Krishna Tejus E M,,,,,
,,,,,,P6,Pragada Dheeraj Abhinav,W106,W,23,,
,,,,,,,Abhinav Sharma,,,,,
,,,,,,P7,Avula Vijay Kumar,W106,F,23,,
,,,,,,,Danwada Sharanya,,,,,
,,,,,,P8,Krishna Tejus E M,W106,T,45,,
,,,,,,,Aabid Chandbasha Mulla,,,,,
1078,EEE F212,ELECTROMAGNETIC THEO I,3,0,3,L1,"SATYA NARAYANA MURTHY
VEMULAPATI",G201,F,7,10/10 -  9.30 - 11.00AM,10/12 FN
,,,,,,,Satya Narayana Murthy Vemulapati,G201,T Th,9,10/10 -  9.30 - 11.00AM,10/12 FN
,,,,,,L2,Asrarul Haque,G202,F,7,10/10 -  9.30 - 11.00AM,10/12 FN
,,,,,,,Asrarul Haque,G202,T Th,9,10/10 -  9.30 - 11.00AM,10/12 FN
,,,,,,L3,Rickmoy Samanta,G203,F,7,10/10 -  9.30 - 11.00AM,10/12 FN
,,,,,,,Rickmoy Samanta,G203,T Th,9,10/10 -  9.30 - 11.00AM,10/12 FN
,,,,,,L4,Tanay Nag,G204,F,7,10/10 -  9.30 - 11.00AM,10/12 FN
,,,,,,,Tanay Nag,G204,T Th,9,10/10 -  9.30 - 11.00AM,10/12 FN
,,,,,,L5,Subhash Narayan Karbelkar,G205,F,7,10/10 -  9.30 - 11.00AM,10/12 FN
,,,,,,,Subhash Narayan Karbelkar,G205,T Th,9,10/10 -  9.30 - 11.00AM,10/12 FN
,,,,,,L6,Sashideep Gutti,G206,F,7,10/10 -  9.30 - 11.00AM,10/12 FN
,,,,,,,Sashideep Gutti,G206,T Th,9,10/10 -  9.30 - 11.00AM,10/12 FN
,,,,,,L7,Swastik Bhattacharya,G207,F,7,10/10 -  9.30 - 11.00AM,10/12 FN
,,,,,,,Swastik Bhattacharya,G207,T Th,9,10/10 -  9.30 - 11.00AM,10/12 FN
,,,,,,T1,Satya Narayana Murthy Vemulapati,G201,M,1,,
,,,,,,T2,Asrarul Haque,G202,M,1,,
,,,,,,T3,Rickmoy Samanta,G203,M,1,,
,,,,,,T4,Tanay Nag,G204,M,1,,
,,,,,,T5,Subhash Narayan Karbelkar,G205,M,1,,
,,,,,,T6,Sashideep Gutti,G206,M,1,,
,,,,,,T7,Swastik Bhattacharya,G102,M,1,,
1080,EEE F214,ELECTRONIC DEVICES,3,0,3,L1,PARIKSHIT PARSHURAM SAHATIYA,F105,T Th,3,11/10 -  3.30 - 5.00PM,13/12 AN
,,,,,,,Parikshit Parshuram Sahatiya,F105,W,10,11/10 -  3.30 - 5.00PM,13/12 AN
,,,,,,L2,Sayan Kanungo,F104,T Th,3,11/10 -  3.30 - 5.00PM,13/12 AN
,,,,,,,Sayan Kanungo,F104,W,10,11/10 -  3.30 - 5.00PM,13/12 AN
,,,,,,T1,Parikshit Parshuram Sahatiya,I210,W,1,,
,,,,,,,O V Vishnu Vardhan Koundinya,,,,,
,,,,,,T2,Sayan Kanungo,I210,F,1,,
,,,,,,,Banala Rathan Kumar,,,,,
,,,,,,T3,Pritesh Kumar Yadav,I213,W,1,,
,,,,,,,Trivedi Nandini Ashokkumar,,,,,
,,,,,,T4,Sumit Kumar Chatterjee,I212,W,1,,
,,,,,,T5,Sumit Kumar Chatterjee,I212,F,1,,
,,,,,,T6,Sumit Kumar Chatterjee,I211,W,7,,
,,,,,,T7,Pritesh Kumar Yadav,I211,F,1,,
1079,EEE F215,DIGITAL DESIGN,3,1,4,L1,S GURUNARAYANAN,F102,M W F,4,08/10 - 11.30 - 1.00PM,05/12 AN
,,,,,,L2,Prasant Kumar Pattnaik,F105,M W F,4,08/10 - 11.30 - 1.00PM,05/12 AN
,,,,,,L3,Meera Kumari,F103,M W F,4,08/10 - 11.30 - 1.00PM,05/12 AN
,,,,,,T1,Meera Kumari,G202,T,10,,
,,,,,,T2,Meera Kumari,G202,Th,10,,
,,,,,,T3,Prasant Kumar Pattnaik,G203,T,10,,
,,,,,,T4,Prasant Kumar Pattnaik,G203,Th,10,,
,,,,,,T5,Amit Kumar Panda,G204,T,10,,
,,,,,,T6,Soumya J,G204,Th,10,,
,,,,,,T7,Pranay Agarwal,G206,T,10,,
,,,,,,T8,Amit Kumar Panda,G206,Th,10,,
,,,,,,T9,Aalelai Vendhan M,G207,T,10,,
,,,,,,T10,Aalelai Vendhan M,G208,Th,10,,
,,,,,,P1,Kanika,I012,M,67,,
,,,,,,,Himanshu Singh,,,,,
,,,,,,,Nishchitha N K,,,,,
,,,,,,P2,Kanika,I012,W,67,,
,,,,,,,Gowthampolumati,,,,,
,,,,,,,Mou Sarkar,,,,,
,,,,,,P3,Prasant Kumar Pattnaik,I012,T,67,,
,,,,,,,Nishchitha N K,,,,,
,,,,,,,Sohel Siraj,,,,,
,,,,,,P4,Pranay Agarwal,I012,Th,67,,
,,,,,,,Sagnik Kundu,,,,,
,,,,,,,Yuvraj Maphrio Mao,,,,,
,,,,,,P5,Surya Shankar Dan,I013,M,67,,
,,,,,,,Baishali Paul,,,,,
,,,,,,,Sagnik Kundu,,,,,
,,,,,,P6,Chetan Kumar Vudadha,I012,M,23,,
,,,,,,,Abbidi Shivani Reddy,,,,,
,,,,,,,Aditi Sood,,,,,
,,,,,,P7,Meera Kumari,I013,Th,67,,
,,,,,,,Aditi Sood,,,,,
,,,,,,,Amgith G S,,,,,
,,,,,,P8,Meera Kumari,I013,T,67,,
,,,,,,,Kandi Mounika,,,,,
,,,,,,,Mou Sarkar,,,,,
,,,,,,P9,Himanshu Singh,I013,W,23,,
,,,,,,,Nongthombam Joychandra Singh,,,,,
,,,,,,P10,Gowthampolumati,I013,M,23,,
,,,,,,,Isha Basumatary,,,,,
,,,,,,P11,Sohel Siraj,I013,F,23,,
,,,,,,,Soppari Nithesh,,,,,
,,,,,,P12,Yadav Shubham Deepak,I012,T,45,,
,,,,,,,Yuvraj Maphrio Mao,,,,,
,,,,,,P13,Baishali Paul,I013,W,67,,
,,,,,,,Yadav Shubham Deepak,,,,,
,,,,,,P14,Abbidi Shivani Reddy,I013,T,45,,
,,,,,,,Soppari Nithesh,,,,,
,,,,,,P15,Amgith G S,I012,W,23,,
,,,,,,,Isha Basumatary,,,,,
,,,,,,P16,Nongthombam Joychandra Singh,I012,F,23,,
,,,,,,,Kandi Mounika,,,,,
1657,EEE F266,STUDY PROJECT,0,0,3,,Sumit Kumar Chatterjee,,,,,
1242,EEE F311,COMMUNICATION SYSTEMS,3,1,4,L1,RUNA KUMARI,F104,M W F,3,06/10 - 3.30 - 5.00PM,02/12 AN
,,,,,,L2,Subhradeep Pal,F103,M W F,3,06/10 - 3.30 - 5.00PM,02/12 AN
,,,,,,T1,Runa Kumari,I210,T,7,,
,,,,,,T2,Runa Kumari,I210,Th,7,,
,,,,,,T3,Subhradeep Pal,I211,T,7,,
,,,,,,T4,Rajesh Kumar Tripathy,I211,Th,7,,
,,,,,,T5,Prashant K Wali,I212,T,7,,
,,,,,,P1,Runa Kumari,H106,F,78,,
,,,,,,,K Madhavi,,,,,
,,,,,,,M S Vaishnavi,,,,,
,,,,,,P2,Prashant K Wali,H106,Th,89,,
,,,,,,,Chenna Suresh Kumar,,,,,
,,,,,,,K Madhavi,,,,,
,,,,,,P3,Rajesh Kumar Tripathy,H106,W,89,,
,,,,,,,Amrutha Lahari Sree Rama,,,,,
,,,,,,,Chinthapalli Amulya,,,,,
,,,,,,,Keerthi C J,,,,,
,,,,,,P4,M S Vaishnavi,H106,M,89,,
,,,,,,,Dasari Bujji Babu,,,,,
,,,,,,P5,Chenna Suresh Kumar,H106,T,89,,
,,,,,,,Chinthapalli Amulya,,,,,
,,,,,,P6,Dasari Bujji Babu,H106,F,910,,
,,,,,,,Amrutha Lahari Sree Rama,,,,,
,,,,,,,Keerthi C J,,,,,
1243,EEE F313,ANALOG & DIGITAL VLSI DES,3,0,3,L1,SURYA SHANKAR DAN,F105,T Th,4,11/10 - 9.30 - 11.00AM,12/12 FN
,,,,,,,Surya Shankar Dan,F105,W,7,11/10 - 9.30 - 11.00AM,12/12 FN
,,,,,,T1,Surya Shankar Dan,I114,T,7,,
,,,,,,,Suhaib Imtiyaz,,,,,
,,,,,,T2,Surya Shankar Dan,I114,Th,7,,
,,,,,,,Ankit Patil,,,,,
,,,,,,T3,Syed Ershad Ahmed,I122,T,7,,
,,,,,,T4,Syed Ershad Ahmed,I122,Th,7,,
2827,EEE F314,FPGA BASED SYSTEM DESIGN,1,2,3,L1,NIRANJAN RAJ,I112,Th,10,06/10 - 11.30 - 1.00PM,01/12 AN
,,,,,,P1,Niranjan Raj,J105,M T,89,,
,,,,,,,Chinnamadhavi Vakalagadda,,,,,
1731,EEE F366,LABORATORY PROJECT,0,0,3,,Sourav Nandi,,,,,
1742,EEE F367,LABORATORY PROJECT,0,0,3,,Sourav Nandi,,,,,
1691,EEE F376,DESIGN PROJECT,0,0,3,,Sourav Nandi,,,,,
1758,EEE F377,DESIGN PROJECT,0,0,3,,Sourav Nandi,,,,,
2288,EEE F411,INTERNET OF THINGS,3,1,4,L1,RAVIKIRAN YELESWARAPU,F103,T Th,2,09/10 - 9.30 - 11.00AM,08/12 FN
,,,,,,,Ravikiran Yeleswarapu,F103,M,10,09/10 - 9.30 - 11.00AM,08/12 FN
,,,,,,P1,Ravikiran Yeleswarapu,J105,W,89,,
,,,,,,,Ritesh Kumar Singh,,,,,
,,,,,,,Sen Granthana,,,,,
,,,,,,P2,Ravikiran Yeleswarapu,J105,Th,89,,
,,,,,,,Ritesh Kumar Singh,,,,,
,,,,,,,Sen Granthana,,,,,
1254,EEE F422,MODERN CONTROL SYSTEMS,3,0,3,L1,JOYJIT MUKHERJEE,F107,M W F,2,10/10 - 11.30 - 1.00PM,10/12 AN
1256,EEE F434,DIGITAL SIGNAL PROCESS,3,1,4,L1,BVVSN PRABHAKAR RAO,F106,T Th,5,09/10 - 1.30 - 3.00PM,09/12 FN
,,,,,,,Bvvsn Prabhakar Rao,F106,M,7,09/10 - 1.30 - 3.00PM,09/12 FN
,,,,,,T1,Bvvsn Prabhakar Rao,I122,T,1,,
,,,,,,T2,Venkateswaran Rajagopalan,I122,Th,1,,
,,,,,,T3,Subhendu Kumar Sahoo,I222,T,10,,
,,,,,,P1,Venkateswaran Rajagopalan,I011,M,89,,
,,,,,,,Krishnapriya G B,,,,,
,,,,,,,Sajith Pm,,,,,
,,,,,,P2,Bvvsn Prabhakar Rao,I011,W,89,,
,,,,,,,Sreejith V,,,,,
,,,,,,,Tba. Eee,,,,,
,,,,,,P3,Parvathy Nair,I011,T,89,,
,,,,,,,Tba. Eee,,,,,
,,,,,,P4,Sajith Pm,I011,Th,89,,
,,,,,,,Tba. Eee,,,,,
,,,,,,P5,Krishnapriya G B,I011,F,78,,
,,,,,,,Parvathy Nair,,,,,
1257,EEE F435,DIGITAL IMAGE PROCESSING,3,0,3,L1,SUMIT KUMAR CHATTERJEE,F103,T Th,3,11/10 - 1.30 - 3.00PM,13/12 FN
,,,,,,,Sumit Kumar Chatterjee,F103,W,10,,
2783,EEE F438,ELECTRIC VEHICLES,3,0,3,L1,PRATYUSH CHAKRABORTY,I213,M W F,4,08/10 - 9.30 - 11.00AM,05/12 FN
,"ECE/EEE/INST
R",SPECIAL PROJECT,0,0,3,P1,STP SRINIVAS,,,,,
462,EEE G510,RF MICROELECTRONICS,3,2,5,L1,PRITESH KUMAR YADAV,I211,M W F,9,07/10 - 11.30 - 1.00PM,03/12 AN
,,,,,,P1,Pritesh Kumar Yadav,K125,T,1011,,
,,,,,,,Pritesh Kumar Yadav,K125,M,1112,,
2916,EEE G511,"RF AND MICROWAVE CIRCUIT
DESIGN",3,2,5,L1,SOURAV NANDI,I212,M W F,2,09/10 -  1.30 - 3.00PM,09/12 FN
,,,,,,,Lalit Kumar,,,,,
,,,,,,P1,Sourav Nandi,W101,W,89,,
,,,,,,,Mendhe Mrunali Vijay,,,,,
,,,,,,,Sourav Nandi,W101,F,1112,,
,,,,,,,Mendhe Mrunali Vijay,,,,,
324,EEE G512,EMBEDDED SYSTEM DESIGN,3,1,4,L1,SYED ERSHAD AHMED,I221,M W F,5,07/10 -  3.30 - 5.00PM,04/12 AN
,,,,,,P1,Syed Ershad Ahmed,J105,F,89,,
,,,,,,,Thalla Narasimha Swetha,,,,,
2511,EEE G513,"MACHINE LEARNING FOR
ELECTRONICS ENGINEERS",3,1,4,L1,VENKATESWARAN RAJAGOPALAN,I222,M W F,1,06/10 - 11.30 - 1.00PM,01/12 AN
,,,,,,P1,Venkateswaran Rajagopalan,I011,T,67,,
,,,,,,,Sreejith V,,,,,
2917,EEE G515,REAL TIME EMBEDDED SYSTEMS,3,2,5,L1,SOUMYA J,I221,M W F,4,09/10 -  1.30 - 3.00PM,09/12 FN
,,,,,,P1,Soumya J,J105,T Th,34,,
,,,,,,,Mekala Bindu Bhargavi,,,,,
2918,EEE G516,"SIGNAL THEORY AND
OPTIMIZATION",3,1,4,L1,PRASHANT K WALI,I222,M W F,4,11/10 -  1.30 - 3.00PM,13/12 FN
,,,,,,P1,Prashant K Wali,I221,M,1112,,
2940,EEE G539,"MODELLING & ANAL. OF ELEC.
MACH.",3,2,5,L1,STP SRINIVAS,I222,M W F,5,06/10 - 11.30 - 1.00PM,01/12 AN
,,,,,,P1,Stp Srinivas,LAB,W F,89,,
,,,,,,,D Ramachandra Rao,,,,,
2175,EEE G547,DEVICE DRIVERS,3,2,5,L1,ANAKHI HAZARIKA,I210,T Th F,4,11/10 -  3.30 - 5.00PM,13/12 AN
,,,,,,P1,Anakhi Hazarika,J105,F,1011,,
2126,EEE G559,ADV POWER ELECTRONICS,3,2,5,L1,NEHA TAK,I213,M W F,3,07/10 - 11.30 - 1.00PM,03/12 AN
,,,,,,P1,Neha Tak,J114,T Th,89,,
,,,,,,,Hari Krishna G,,,,,
712,EEE G591,OPTICAL COMMUNICATION,3,2,5,L1,BALASUBRAMANIAN MALAYAPPAN,I221,M W F,3,11/10 -  1.30 - 3.00PM,13/12 FN
,,,,,,P1,Balasubramanian Malayappan,W101,T Th,34,,
,,,,,,,Sanjana Mathew,,,,,
2144,EEE G593,POWER QUALITY,3,2,5,L1,ALIVELU MANGA PARIMI,I221,T Th,5,09/10 -  1.30 - 3.00PM,09/12 FN
,,,,,,,Alivelu Manga Parimi,I221,F,7,09/10 -  1.30 - 3.00PM,09/12 FN
,,,,,,P1,Alivelu Manga Parimi,W107,Th,23,,
,,,,,,,Durga K Prasad Gudavalli,,,,,
,,,,,,,Alivelu Manga Parimi,W107,M,89,,
,,,,,,,Durga K Prasad Gudavalli,,,,,
471,EEE G613,ADV DIGITAL SIGNAL PROC,3,2,5,L1,RAJESH KUMAR TRIPATHY,I222,T Th,2,10/10 -  3.30 - 5.00PM,11/12 FN
,,,,,,,Rajesh Kumar Tripathy,I222,W,7,,
,,,,,,P1,Rajesh Kumar Tripathy,I011,T Th,34,,
2512,EEE G614,"ADVANCED WIRELESS
COMMUNICATIONS",3,2,5,L1,PRANAY AGARWAL,I211,M W F,4,08/10 -  1.30 - 3.00PM,06/12 FN
,,,,,,P1,Pranay Agarwal,I211,Th,1112,,
80,EEE G622,"ADVANCED DIGITAL
COMMUNICATION",3,2,5,L1,NITISH KUMAR GUPTA,I222,T Th,5,10/10 -  3.30 - 5.00PM,11/12 FN
,,,,,,,Nitish Kumar Gupta,I222,M,7,,
,,,,,,P1,Nitish Kumar Gupta,I222,T,1112,,
921,EEE G626,HARDWARE SOFTWARE CO-DSN,3,1,4,L1,AMIT KUMAR PANDA,I211,M W F,3,07/10 - 11.30 - 1.00PM,03/12 AN
,,,,,,P1,Amit Kumar Panda,J105,M,1112,,
,,,,,,,Amit Kumar Srivastava,,,,,
,FIN F315,FINANCIAL MANAGEMENT,3,0,3,L1,SRAVANI BHARANDEV,F208,M W F,4,08/10 - 9.30 - 11.00AM,05/12 FN
,FIN F311,DERIVATIVES & RISK MGMT,3,0,3,L1,CHINA HUSSAIN YAGANTI,F208,T Th,3,11/10 - 1.30 - 3.00PM,13/12 FN
,,,,,,,China Hussain Yaganti,F208,W,10,11/10 - 3.30 - 5.00PM,13/12 FN
,FIN F313,SECUR ANAL & PORTFOL MGT,3,0,3,L1,SHREYA BISWAS,F208,M W F,2,10/10 - 11.30 - 1.00PM,10/12 AN
1942,FIN F414,"FINANCIAL RISK ANALYTICS AND
MANAGEMENT",3,0,3,L1,"VENKATA SUBRAHMANYAM
APPAKAYALA CHENCHU",F107,M W F,1,04/10 - 3.30 - 5.00PM,16/12 FN
1131,GS F212,ENVIRON DEV & CLIMATE,3,0,3,L1,LAVANYA SURESH,J107,T Th,3,11/10 - 1.30 - 3.00PM,13/12 FN
,,,,,,,Lavanya Suresh,J107,W,10,11/10 - 1.30 - 3.00PM,13/12 FN
1135,GS F223,INTRO TO MASS COMM,3,0,3,L1,DEBAJIT BORA,J119,M W F,9,07/10 - 3.30 - 5.00PM,04/12 AN
1170,GS F232,INTRODUCTORY PSYCHOLOGY,3,0,3,L1,MADHUSHREE CHAKRABARTY,J120,M W F,9,07/10 - 3.30 - 5.00PM,04/12 AN
11161,GS F244,REPORT & WRITE FOR MEDIA,3,0,3,L1,DEBAJIT BORA,J218,M W F,3,06/10 - 3.30 - 5.00PM,02/12 AN
1175,GS F331,TECH IN SOCIAL RESEARCH,3,0,3,L1,SARBANI BANERJEE BELUR,J121,M W F,2,10/10 - 11.30 - 1.00PM,10/12 AN
1177,GS F333,PUBLIC ADMINISTRATION,3,0,3,L1,LAVANYA SURESH,J107,M W F,9,07/10 - 3.30 - 5.00PM,04/12 AN
1164,GS F342,COMPUTER MEDIATED COMM,3,0,3,L1,SANTOSH KUMAR MAHAPATRA,J120,M W F,3,06/10 - 3.30 - 5.00PM,02/12 AN
2565,GS F345,CONSTITUTION OF INDIA,3,0,3,L1,SUCHISMITA SATPATHY,J119,M W F,6,10/10 - 3.30 - 5.00PM,11/12 AN
1621,HSS F233,MAIN TRENDS IN IND HIST,3,0,3,L1,UFAQUE PAIKER,J206,M W F,9,07/10 - 3.30 - 5.00PM,04/12 AN
1627,HSS F235,INTRODUCTORY PHILOSOPHY,3,0,3,L1,JAYESH A K,J214,M W F,9,07/10 - 3.30 - 5.00PM,04/12 AN
2307,HSS F242,INTRODUCTION TO PHONOLOGY,3,0,3,L1,PRANESH BHARGAVA,J214,M W F,2,10/10 - 11.30 - 1.00PM,10/12 AN
2308,HSS F243,"INTRODUCTION TO CRITICAL
PEDAGOGY",3,0,3,L1,SANTOSH KUMAR MAHAPATRA,J217,T Th,3,11/10 - 1.30 - 3.00PM,13/12 FN
,,,,,,,Santosh Kumar Mahapatra,J217,W,10,11/10 - 1.30 - 3.00PM,13/12 FN
2319,HSS F244,CRIME AND NEW MEDIA,3,0,3,L1,SPANDAN BHATTACHARYA,J214,T Th,4,11/10 - 11.30 - 1.00PM,12/12 AN
,,,,,,,Spandan Bhattacharya,J214,F,10,11/10 - 11.30 - 1.00PM,12/12 AN
2321,HSS F246,PHILOSOPHY OF NAGARJUNA,3,0,3,L1,JAYESH A K,J218,M W F,2,10/10 - 11.30 - 1.00PM,10/12 AN
1776,HSS F266,STUDY PROJECT,0,0,3,,Spandan Bhattacharya,,,,,
1645,HSS F317,INTRO TO GLOBALIZATION,3,0,3,L1,KUNALJEET ROY,J218,T Th,4,11/10 - 11.30 - 1.00PM,12/12 AN
,,,,,,,Kunaljeet Roy,J218,F,10,11/10 - 11.30 - 1.00PM,12/12 AN
1647,HSS F318,INTRO TO ANTHROPOLOGY,3,0,3,L1,SUCHISMITA SATPATHY,J217,T Th,2,09/10 - 9.30 - 11.00AM,08/12FN
,,,,,,,Suchismita Satpathy,J217,M,10,09/10 - 9.30 - 11.00AM,08/12FN
1155,HSS F325,CINEMATIC ADAPTATION,3,0,3,L1,SHILPAA ANAND,J217,M W F,3,06/10 - 3.30 - 5.00PM,02/12 AN
1609,HSS F328,HUMAN RESOURCES DEV,3,0,3,L1,SWATI ALOK,J217,M W F,2,10/10 - 11.30 - 1.00PM,10/12 AN
1598,HSS F331,SANKARA'S THOUGHTS,3,0,3,L1,MAYA VINAI,J121,T Th,3,11/10 - 1.30 - 3.00PM,13/12 FN
,,,,,,,Maya Vinai,J121,W,10,11/10 - 1.30 - 3.00PM,13/12 FN
1601,HSS F332,CINEMATIC ART,3,0,3,L1,SPANDAN BHATTACHARYA,J217,M W F,6,10/10 - 3.30 - 5.00PM,11/12 AN
1605,HSS F336,MODERN FICTION,3,0,3,L1,VIJAY KUMAR TADAKAMALLA,J120,T Th,4,11/10 - 11.30 - 1.00PM,12/12 AN
,,,,,,,Vijay Kumar Tadakamalla,J120,F,10,11/10 - 11.30 - 1.00PM,12/12 AN
1606,HSS F337,"ENGLISH LITERARY FORMS AND
MOVEMENTS",3,0,3,L1,PRASUNA M G,J120,M W F,4,08/10 - 9.30 - 11.00AM,05/12 FN
1607,HSS F338,COMPARATIVE INDIAN LIT,3,0,3,L1,PRASUNA M G,J115,M W F,9,07/10 - 3.30 - 5.00PM,04/12 AN
1834,HSS F342,ADV COMMUNICATIVE ENG,3,0,3,L1,PRANESH BHARGAVA,J119,T Th,2,09/10 - 9.30 - 11.00AM,08/12FN
,,,,,,,Pranesh Bhargava,J119,M,10,,
1626,HSS F346,INTERNATIONAL RELATIONS,3,0,3,L1,KUNALJEET ROY,J206,M W F,6,10/10 - 3.30 - 5.00PM,11/12 AN
2268,HSS F361,"URBAN POLICY AND
GOVERNANCE",3,0,3,L1,HARSH MITTAL,J121,M W F,6,10/10 - 3.30 - 5.00PM,11/12 AN
2270,HSS F363,DISASTER AND DEVELOPMENT,3,0,3,L1,BISWANATH DASH,J217,M W F,4,08/10 - 9.30 - 11.00AM,05/12 FN
2290,HSS F369,CASTE AND GENDER IN INDIA,3,0,3,L1,UFAQUE PAIKER,J115,M W F,6,10/10 - 3.30 - 5.00PM,11/12 AN
2323,HSS F372,"INTRODUCTION TO SOCIAL
PSYCHOLOGY",3,0,3,L1,BIDISHA BANERJEE,J115,T Th,4,11/10 - 11.30 - 1.00PM,12/12 AN
,,,,,,,Bidisha Banerjee,J115,F,10,,
12525,HSS F375,Bus & Pol in Col & Pos Col Ind,3,0,3,L1,MADHAVI JHA,J107,T Th,4,11/10 - 11.30 - 1.00PM,12/12 AN
,,,,,,,Madhavi Jha,J107,F,10,,
2763,HSS F385,"MENTAL HEALTH LITERACY FOR
YOUTH",3,0,3,L1,BIDISHA BANERJEE,J107,M W F,6,10/10 - 3.30 - 5.00PM,11/12 AN
2764,HSS F386,OCEAN HUMANITIES,3,0,3,L1,MAYA VINAI,I222,M W F,6,10/10 - 3.30 - 5.00PM,11/12 AN
2787,HSS F388,GANDHI IN LITERATURE,3,0,3,L1,VIJAY KUMAR TADAKAMALLA,J219,M W F,4,08/10 - 9.30 - 11.00AM,05/12 FN
1096,INSTR F211,ELECTRICAL MACHINES,3,1,4,L1,ANKUR BHATTACHARJEE,F105,T Th,2,09/10 - 11.30 - 1.00PM,08/12 AN
,,,,,,,Ankur Bhattacharjee,F105,M,10,09/10 - 11.30 - 1.00PM,08/12 AN
,,,,,,L2,Stp Srinivas,F104,T Th,2,09/10 - 11.30 - 1.00PM,08/12 AN
,,,,,,,Neha Tak,,,,,
,,,,,,,Stp Srinivas,F104,M,10,09/10 - 11.30 - 1.00PM,08/12 AN
,,,,,,,Neha Tak,,,,,
,,,,,,T1,Ankur Bhattacharjee,I111,W,1,,
,,,,,,T2,Ankur Bhattacharjee,I111,F,1,,
,,,,,,T3,Stp Srinivas,I112,W,1,,
,,,,,,T4,Neha Tak,I112,F,1,,
,,,,,,T5,R N Ponnalagu,I113,W,1,,
,,,,,,T6,R N Ponnalagu,I113,F,1,,
,,,,,,T7,Pratyush Chakraborty,I114,W,1,,
,,,,,,T8,Pratyush Chakraborty,I114,F,1,,
,,,,,,P1,Ankur Bhattacharjee,W106,M,67,,
,,,,,,,Gorityala Aishvaria,,,,,
,,,,,,,Mahad Mohamud Uud,,,,,
,,,,,,P2,Joyjit Mukherjee,W106,T,67,,
,,,,,,,Mahad Mohamud Uud,,,,,
,,,,,,,Pragada Dheeraj Abhinav,,,,,
,,,,,,P3,Sudha Radhika,W106,W,67,,
,,,,,,,Danwada Sharanya,,,,,
,,,,,,,Avula Vijay Kumar,,,,,
,,,,,,P4,Pratyush Chakraborty,W106,Th,67,,
,,,,,,,Aabid Chandbasha Mulla,,,,,
,,,,,,,Abhinav Sharma,,,,,
,,,,,,P5,Gorityala Aishvaria,W106,M,23,,
,,,,,,,Krishna Tejus E M,,,,,
,,,,,,P6,Pragada Dheeraj Abhinav,W106,W,23,,
,,,,,,,Abhinav Sharma,,,,,
,,,,,,P7,Avula Vijay Kumar,W106,F,23,,
,,,,,,,Danwada Sharanya,,,,,
,,,,,,P8,Krishna Tejus E M,W106,T,45,,
,,,,,,,Aabid Chandbasha Mulla,,,,,
1097,INSTR F212,ELECTROMAGNETIC THEORY I,3,0,3,L1,"SATYA NARAYANA MURTHY
VEMULAPATI",G201,F,7,10/10 -  9.30 - 11.00AM,10/12 FN
,,,,,,,Satya Narayana Murthy Vemulapati,G201,T Th,9,10/10 -  9.30 - 11.00AM,10/12 FN
,,,,,,L2,Asrarul Haque,G202,F,7,10/10 -  9.30 - 11.00AM,10/12 FN
,,,,,,,Asrarul Haque,G202,T Th,9,10/10 -  9.30 - 11.00AM,10/12 FN
,,,,,,L3,Rickmoy Samanta,G203,F,7,10/10 -  9.30 - 11.00AM,10/12 FN
,,,,,,,Rickmoy Samanta,G203,T Th,9,10/10 -  9.30 - 11.00AM,10/12 FN
,,,,,,L4,Tanay Nag,G204,F,7,10/10 -  9.30 - 11.00AM,10/12 FN
,,,,,,,Tanay Nag,G204,T Th,9,10/10 -  9.30 - 11.00AM,10/12 FN
,,,,,,L5,Subhash Narayan Karbelkar,G205,F,7,10/10 -  9.30 - 11.00AM,10/12 FN
,,,,,,,Subhash Narayan Karbelkar,G205,T Th,9,10/10 -  9.30 - 11.00AM,10/12 FN
,,,,,,L6,Sashideep Gutti,G206,F,7,10/10 -  9.30 - 11.00AM,10/12 FN
,,,,,,,Sashideep Gutti,G206,T Th,9,10/10 -  9.30 - 11.00AM,10/12 FN
,,,,,,L7,Swastik Bhattacharya,G207,F,7,10/10 -  9.30 - 11.00AM,10/12 FN
,,,,,,,Swastik Bhattacharya,G207,T Th,9,10/10 -  9.30 - 11.00AM,10/12 FN
,,,,,,T1,Satya Narayana Murthy Vemulapati,G201,M,1,,
,,,,,,T2,Asrarul Haque,G202,M,1,,
,,,,,,T3,Rickmoy Samanta,G203,M,1,,
,,,,,,T4,Tanay Nag,G204,M,1,,
,,,,,,T5,Subhash Narayan Karbelkar,G205,M,1,,
,,,,,,T6,Sashideep Gutti,G206,M,1,,
,,,,,,T7,Swastik Bhattacharya,G102,M,1,,
1099,INSTR F214,ELECTRONIC DEVICES,3,0,3,L1,PARIKSHIT PARSHURAM SAHATIYA,F105,T Th,3,11/10 -  3.30 - 5.00PM,13/12 AN
,,,,,,,Parikshit Parshuram Sahatiya,F105,W,10,11/10 -  3.30 - 5.00PM,13/12 AN
,,,,,,L2,Sayan Kanungo,F104,T Th,3,11/10 -  3.30 - 5.00PM,13/12 AN
,,,,,,,Sayan Kanungo,F104,W,10,11/10 -  3.30 - 5.00PM,13/12 AN
,,,,,,T1,Parikshit Parshuram Sahatiya,I210,W,1,,
,,,,,,,O V Vishnu Vardhan Koundinya,,,,,
,,,,,,T2,Sayan Kanungo,I210,F,1,,
,,,,,,,Banala Rathan Kumar,,,,,
,,,,,,T3,Pritesh Kumar Yadav,I213,W,1,,
,,,,,,,Trivedi Nandini Ashokkumar,,,,,
,,,,,,T4,Sumit Kumar Chatterjee,I212,W,1,,
,,,,,,T5,Sumit Kumar Chatterjee,I212,F,1,,
,,,,,,T6,Sumit Kumar Chatterjee,I211,W,7,,
,,,,,,T7,Pritesh Kumar Yadav,I211,F,1,,
1098,INSTR F215,DIGITAL DESIGN,3,1,4,L1,S GURUNARAYANAN,F102,M W F,4,08/10 - 11.30 - 1.00PM,05/12 AN
,,,,,,L2,Prasant Kumar Pattnaik,F105,M W F,4,08/10 - 11.30 - 1.00PM,05/12 AN
,,,,,,L3,Meera Kumari,F103,M W F,4,08/10 - 11.30 - 1.00PM,05/12 AN
,,,,,,T1,Meera Kumari,G202,T,10,,
,,,,,,T2,Meera Kumari,G202,Th,10,,
,,,,,,T3,Prasant Kumar Pattnaik,G203,T,10,,
,,,,,,T4,Prasant Kumar Pattnaik,G203,Th,10,,
,,,,,,T5,Amit Kumar Panda,G204,T,10,,
,,,,,,T6,Soumya J,G204,Th,10,,
,,,,,,T7,Pranay Agarwal,G206,T,10,,
,,,,,,T8,Amit Kumar Panda,G206,Th,10,,
,,,,,,T9,Aalelai Vendhan M,G207,T,10,,
,,,,,,T10,Aalelai Vendhan M,G208,Th,10,,
,,,,,,P1,Kanika,I012,M,67,,
,,,,,,,Himanshu Singh,,,,,
,,,,,,,Nishchitha N K,,,,,
,,,,,,P2,Kanika,I012,W,67,,
,,,,,,,Gowthampolumati,,,,,
,,,,,,,Mou Sarkar,,,,,
,,,,,,P3,Prasant Kumar Pattnaik,I012,T,67,,
,,,,,,,Nishchitha N K,,,,,
,,,,,,,Sohel Siraj,,,,,
,,,,,,P4,Pranay Agarwal,I012,Th,67,,
,,,,,,,Sagnik Kundu,,,,,
,,,,,,,Yuvraj Maphrio Mao,,,,,
,,,,,,P5,Surya Shankar Dan,I013,M,67,,
,,,,,,,Baishali Paul,,,,,
,,,,,,,Sagnik Kundu,,,,,
,,,,,,P6,Chetan Kumar Vudadha,I012,M,23,,
,,,,,,,Abbidi Shivani Reddy,,,,,
,,,,,,,Aditi Sood,,,,,
,,,,,,P7,Meera Kumari,I013,Th,67,,
,,,,,,,Aditi Sood,,,,,
,,,,,,,Amgith G S,,,,,
,,,,,,P8,Meera Kumari,I013,T,67,,
,,,,,,,Kandi Mounika,,,,,
,,,,,,,Mou Sarkar,,,,,
,,,,,,P9,Himanshu Singh,I013,W,23,,
,,,,,,,Nongthombam Joychandra Singh,,,,,
,,,,,,P10,Gowthampolumati,I013,M,23,,
,,,,,,,Isha Basumatary,,,,,
,,,,,,P11,Sohel Siraj,I013,F,23,,
,,,,,,,Soppari Nithesh,,,,,
,,,,,,P12,Yadav Shubham Deepak,I012,T,45,,
,,,,,,,Yuvraj Maphrio Mao,,,,,
,,,,,,P13,Baishali Paul,I013,W,67,,
,,,,,,,Yadav Shubham Deepak,,,,,
,,,,,,P14,Abbidi Shivani Reddy,I013,T,45,,
,,,,,,,Soppari Nithesh,,,,,
,,,,,,P15,Amgith G S,I012,W,23,,
,,,,,,,Isha Basumatary,,,,,
,,,,,,P16,Nongthombam Joychandra Singh,I012,F,23,,
,,,,,,,Kandi Mounika,,,,,
1660,INSTR F266,STUDY PROJECT,0,0,3,,Sumit Kumar Chatterjee,,,,,
1345,INSTR F311,ELECTRO INST & INST TECH,3,1,4,L1,SK MASUM NAWAZ,G107,M W F,3,06/10 - 3.30 - 5.00PM,02/12 AN
,,,,,,T1,Sk Masum Nawaz,I111,T,7,,
,,,,,,T2,Balasubramanian Malayappan,I111,Th,7,,
,,,,,,P1,Balasubramanian Malayappan,K125,W,89,,
,,,,,,,Kommanaboina Mahender,,,,,
,,,,,,P2,Kommanaboina Mahender,K125,T,89,,
1346,INSTR F312,TRANSD & MEASUREMENT TEC,3,0,3,L1,R N PONNALAGU,G107,M W F,5,08/10 - 1.30 - 3.00PM,06/12 FN
,,,,,,T1,Joyjit Mukherjee,I111,T,1,,
,,,,,,T2,Joyjit Mukherjee,I111,Th,1,,
1347,INSTR F313,ANALOG & DIGITAL VLSI DES,3,0,3,L1,SURYA SHANKAR DAN,F105,T Th,4,11/10 - 9.30 - 11.00AM,12/12 FN
,,,,,,,Surya Shankar Dan,F105,W,7,11/10 - 9.30 - 11.00AM,12/12 FN
,,,,,,T1,Surya Shankar Dan,I114,T,7,,
,,,,,,,Suhaib Imtiyaz,,,,,
,,,,,,T2,Surya Shankar Dan,I114,Th,7,,
,,,,,,,Ankit Patil,,,,,
,,,,,,T3,Syed Ershad Ahmed,I122,T,7,,
,,,,,,T4,Syed Ershad Ahmed,I122,Th,7,,
1734,INSTR F366,LABORATORY PROJECT,0,0,3,,Sourav Nandi,,,,,
1745,INSTR F367,LABORATORY PROJECT,0,0,3,,Sourav Nandi,,,,,
1694,INSTR F376,DESIGN PROJECT,0,0,3,,Sourav Nandi,,,,,
1761,INSTR F377,DESIGN PROJECT,0,0,3,,Sourav Nandi,,,,,
2784,INSTR F438,ELECTRIC VEHICLES,3,0,3,L1,PRATYUSH CHAKRABORTY,I213,M W F,4,08/10 - 9.30 - 11.00AM,05/12 FN
1532,IS F311,COMPUTER GRAPHICS,3,0,3,L1,TATHAGATA RAY,F108,F,7,10/10 - 3.30 - 5.00PM,11/12 FN
,,,,,,,Tathagata Ray,F108,T Th,10,10/10 - 3.30 - 5.00PM,11/12 FN
275,ITEB G621,SUPPLY CHAIN MANAGEMENT,3,0,4,L1,PHANEENDRA KIRAN CHAGANTI,G207,M W F,2,10/10 - 11.30 - 1.00PM,10/12 AN
12641,MAC F211,LINEAR ALGEBRA AND ITS APP,3,0,3,L1,GUJJI MURALI MOHAN REDDY,I213,F,10,10/10 -  9.30 - 11.00AM,10/12 FN
,,,,,,,Gujji Murali Mohan Reddy,I213,T Th,9,10/10 -  9.30 - 11.00AM,10/12 FN
,,,,,,T1,Gujji Murali Mohan Reddy,I213,M,1,,
,,,,,,,Mintu Mandal,,,,,
12642,MAC F212,"OBJECT ORIENTED
PROGRAMMING",3,1,4,L1,SUBHRAKANTA PANDA,F102,T Th,3,11/10 -  3.30 - 5.00PM,13/12 AN
,,,,,,,Subhrakanta Panda,F102,W,10,11/10 -  3.30 - 5.00PM,13/12 AN
,,,,,,T1,Aneesh Srivallabh Chivukula,I221,F,1,,
,,,,,,T2,Aneesh Srivallabh Chivukula,J107,T,10,,
,,,,,,T3,Abhijit Das,J107,F,1,,
,,,,,,T4,Abhijit Das,J107,Th,10,,
,,,,,,P1,Subhrakanta Panda,D313,M,23,,
,,,,,,P2,Subhrakanta Panda,D313,W,67,,
,,,,,,P3,Subhrakanta Panda,D313,T,67,,
,,,,,,P4,Abhijit Das,D313,Th,67,,
,,,,,,P5,Aneesh Srivallabh Chivukula,D313,M,67,,
12643,MAC F213,DISCRETE MATHEMATICS,3,0,3,L1,DEBOPAM CHAKRABORTY,F207,T Th,2,09/10 - 11.30 - 1.00PM,08/12 AN
,,,,,,,Debopam Chakraborty,F207,M,10,09/10 - 11.30 - 1.00PM,08/12 AN
,,,,,,T1,Debopam Chakraborty,G108,W,1,,
,,,,,,,Akankshya Sahu,,,,,
,,,,,,T2,Gurucharan A,I211,W,1,,
12644,MAC F214,ELEMENTARY REAL ANALYSIS,3,0,3,L1,NIJJWAL KARAK,G108,M W F,4,08/10 - 11.30 - 1.00PM,05/12 AN
,,,,,,L2,Pratyusha Chattopadhyay,G206,M W F,4,08/10 - 11.30 - 1.00PM,05/12 AN
,,,,,,T1,Nijjwal Karak,G107,W,7,,
,,,,,,,Ankur Pandey,,,,,
,,,,,,T2,Pratyusha Chattopadhyay,G108,W,7,,
,,,,,,,Jahir Abbas Sardar,,,,,
2887,MATH F101,MULTIVARIABLE CALCULUS,3,0,3,L1,SUSHIL BHUNIA,F102,M W F,1,06/10 - 1.30 - 3.00PM,02/12 FN
,,,,,,L2,Bivudutta Mishra,F104,M W F,1,06/10 - 1.30 - 3.00PM,02/12 FN
,,,,,,L3,Kota Venkata Ratnam,F106,M W F,1,06/10 - 1.30 - 3.00PM,02/12 FN
,,,,,,L4,Sajith P,F103,M W F,1,06/10 - 1.30 - 3.00PM,02/12 FN
,,,,,,L5,Rohit Gupta,F208,M W F,1,06/10 - 1.30 - 3.00PM,02/12 FN
,,,,,,L6,Nijjwal Karak,F108,M W F,1,06/10 - 1.30 - 3.00PM,02/12 FN
,,,,,,L7,Sumit Kumar Vishwakarma,F105,M W F,1,06/10 - 1.30 - 3.00PM,02/12 FN
,,,,,,L8,Naraparaju Kishore Kumar,F207,M W F,1,06/10 - 1.30 - 3.00PM,02/12 FN
,,,,,,T1,Sushil Bhunia,G201,Th,1,,
,,,,,,T2,Bivudutta Mishra,G202,Th,1,,
,,,,,,T3,Kota Venkata Ratnam,G203,Th,1,,
,,,,,,T4,Sajith P,G204,Th,1,,
,,,,,,T5,Rohit Gupta,G205,Th,1,,
,,,,,,T6,Nijjwal Karak,G206,Th,1,,
,,,,,,T7,Sumit Kumar Vishwakarma,G207,Th,1,,
,,,,,,T8,Maheswaran S,G208,Th,1,,
,,,,,,T9,Kolhatkar Ameya Uday,G101,Th,1,,
,,,,,,T10,Sayantan Ghosh,G102,Th,1,,
,,,,,,T11,Debasmita Mohanty,G103,Th,1,,
,,,,,,T12,Santanu Kumar Dash,G104,Th,1,,
,,,,,,,Mayuri Verma,,,,,
,,,,,,T13,Soumya Kanta Bhoi,G105,Th,1,,
,,,,,,T14,Rajdip Dey,G106,Th,1,,
,,,,,,T15,Naraparaju Kishore Kumar,G107,Th,1,,
1022,MATH F211,MATHEMATICS III,3,0,3,L1,SAI LAKSHMI RADHIKA TANTRAVAHI,F103,M W F,8,06/10 -  9.30 - 11.00AM,01/12 FN
,,,,,,L2,Jaganmohan Jonnalagadda,F102,M W F,8,06/10 -  9.30 - 11.00AM,01/12 FN
,,,,,,L3,Santanu Koley,G108,M W F,8,06/10 -  9.30 - 11.00AM,01/12 FN
,,,,,,L4,K Bhargav Kumar,F106,M W F,8,06/10 -  9.30 - 11.00AM,01/12 FN
,,,,,,L5,TBA,F107,M W F,8,06/10 -  9.30 - 11.00AM,01/12 FN
,,,,,,L6,Manish Kumar,F108,M W F,8,06/10 -  9.30 - 11.00AM,01/12 FN
,,,,,,L7,Gujji Murali Mohan Reddy,F104,M W F,8,06/10 -  9.30 - 11.00AM,01/12 FN
,,,,,,T1,Sai Lakshmi Radhika Tantravahi,J107,T,1,,
,,,,,,T2,Jaganmohan Jonnalagadda,J115,T,1,,
,,,,,,T3,Santanu Koley,J119,T,1,,
,,,,,,T4,K Bhargav Kumar,I221,T,1,,
,,,,,,T5,TBA,I222,T,1,,
,,,,,,T6,Manish Kumar,J206,T,1,,
,,,,,,T7,Gujji Murali Mohan Reddy,I213,T,1,,
,,,,,,T8,Shivam Kumar Mishra,J214,T,1,,
,,,,,,T9,Kartik Vilas Tathe,J217,T,1,,
,,,,,,T10,Amit Kumar Pal,J218,T,1,,
,,,,,,T11,Naorem Priyobarta Singh,J219,T,1,,
,,,,,,T12,Kailash Chand Swami,J220,T,1,,
,,,,,,,Anshid Aboobacker,,,,,
,,,,,,T13,Kuldeep Singh,J121,T,1,,
,,,,,,T14,Y. Kalpana Devi,J120,T,1,,
1122,MATH F212,OPTIMIZATION,3,0,3,L1,DIPAK KUMAR SATPATHI,G108,M W F,5,07/10 - 11.30 - 1.00PM,03/12 AN
,,,,,,L2,Sumit Kumar Vishwakarma,G208,M W F,5,07/10 - 11.30 - 1.00PM,03/12 AN
,,,,,,L3,Swati Rani Hait,G205,M W F,5,07/10 - 11.30 - 1.00PM,03/12 AN
,,,,,,T1,Dipak Kumar Satpathi,G108,T,10,,
,,,,,,,Bhawna,,,,,
,,,,,,T2,Sumit Kumar Vishwakarma,G208,T,10,,
,,,,,,,Md Imdadul Islam,,,,,
,,,,,,T3,Swati Rani Hait,G205,T,10,,
,,,,,,,Subhendu Paul,,,,,
1123,MATH F213,DISCRETE MATHEMATICS,3,0,3,L1,DEBOPAM CHAKRABORTY,F207,T Th,2,09/10 - 11.30 - 1.00PM,08/12 AN
,,,,,,,Debopam Chakraborty,F207,M,10,09/10 - 11.30 - 1.00PM,08/12 AN
,,,,,,T1,Debopam Chakraborty,G108,W,1,,
,,,,,,,Akankshya Sahu,,,,,
,,,,,,T2,Gurucharan A,I211,W,1,,
1124,MATH F214,ELEMENTARY REAL ANALYSIS,3,0,3,L1,NIJJWAL KARAK,G108,M W F,4,08/10 - 11.30 - 1.00PM,05/12 AN
,,,,,,L2,Pratyusha Chattopadhyay,G206,M W F,4,08/10 - 11.30 - 1.00PM,05/12 AN
,,,,,,T1,Nijjwal Karak,G107,W,7,,
,,,,,,,Ankur Pandey,,,,,
,,,,,,T2,Pratyusha Chattopadhyay,G108,W,7,,
,,,,,,,Jahir Abbas Sardar,,,,,
1125,MATH F215,ALGEBRA I,3,0,3,L1,SUSHIL BHUNIA,G108,T Th,3,11/10 -  3.30 - 5.00PM,13/12 AN
,,,,,,,Sushil Bhunia,G108,W,10,11/10 -  3.30 - 5.00PM,13/12 AN
,,,,,,T1,Sushil Bhunia,G108,Th,10,,
,,,,,,,Shravani Rao,,,,,
1662,MATH F266,STUDY PROJECT,0,0,3,,Praveen Kumar P T V,,,,,
1469,MATH F311,INTRODUCTION TO TOPOLOGY,3,0,3,L1,SHARAN GOPAL,G107,M W F,8,06/10 - 11.30 - 1.00PM,01/12 AN
,,,,,,T1,Sharan Gopal,G108,T,1,,
,,,,,,,Shayon Bhadra,,,,,
1470,MATH F312,ORDINARY DIFF EQUATIONS,3,0,3,L1,K BHARGAV KUMAR,G108,T Th,4,11/10 - 9.30 - 11.00AM,12/12 FN
,,,,,,,K Bhargav Kumar,G108,M,9,11/10 - 9.30 - 11.00AM,12/12 FN
,,,,,,T1,K Bhargav Kumar,G108,W,9,,
,,,,,,,Sushil Pathak,,,,,
1471,MATH F313,NUMERICAL ANALYSIS,3,0,3,L1,JAGANMOHAN JONNALAGADDA,G108,T Th,8,07/10 - 3.30 - 5.00PM,04/12 AN
,,,,,,,Jaganmohan Jonnalagadda,G108,Th,1,07/10 - 3.30 - 5.00PM,04/12 AN
,,,,,,T1,Jaganmohan Jonnalagadda,G108,F,10,,
,,,,,,,Kum Sandhya Mel,,,,,
1679,MATH F366,LABORATORY PROJECT,0,0,3,,Sabyasachi Dey,,,,,
1747,MATH F367,LABORATORY PROJECT,0,0,3,,Sabyasachi Dey,,,,,
1696,MATH F376,DESIGN PROJECT,0,0,3,,Jhuma Sen Gupta,,,,,
1763,MATH F377,DESIGN PROJECT,0,0,3,,Jhuma Sen Gupta,,,,,
1480,MATH F421,COMBINATORIAL MATHEMATICS,3,0,3,L1,SAJITH P,I111,M W F,4,08/10 - 9.30 - 11.00AM,05/12 FN
2191,MATH F424,APPLIED STOCHASTIC PROCESS,3,1,4,L1,NIRMAN GANGULY,I111,T Th,2,09/10 - 9.30 - 11.00AM,08/12 FN
,,,,,,,Nirman Ganguly,I111,M,10,09/10 - 9.30 - 11.00AM,08/12 FN
2273,MATH F432,APPLIED STATISTICAL METHODS,3,0,3,L1,SAYAN GHOSH,G203,M W F,2,10/10 - 11.30 - 1.00PM,10/12 AN
1880,MATH F456,COSMOLOGY,3,0,3,L1,PRADYUMN KUMAR SAHOO,I112,M W F,4,08/10 - 9.30 - 11.00AM,05/12 FN
11721,MATH F491,SPECIAL PROJECT,0,0,3,,Santanu Koley,,,,,
2379,ME F112,WORKSHOP PRACTICE,1,1,2,L1,NARALA SURESH KUMAR REDDY,F105,T,7,11/10 - 9.30 - 11.00AM,15/12 FN
,,,,,,L2,Prabakaran Saravanan,F104,T,7,11/10 - 9.30 - 11.00AM,15/12 FN
,,,,,,P1,Rahul Kumar,WS,M,3 4 5,,
,,,,,,,Joshua Kumar Saladi,,,,,
,,,,,,P2,Huzef Ur Rahman,WS,W,3 4 5,,
,,,,,,,Muneshu Babu Nitta,,,,,
,,,,,,,Rahul Kumar,,,,,
,,,,,,P3,Tba.mech,WS,F,3 4 5,,
,,,,,,,Shine Jude Hamilton A,,,,,
,,,,,,,Valmiki Ashwith Kumar,,,,,
,,,,,,P4,Joshua Kumar Saladi,WS,T,2 3 4,,
,,,,,,,Shine Jude Hamilton A,,,,,
,,,,,,,Valmiki Ashwith Kumar,,,,,
,,,,,,P5,Gaurav Sharma,WS,Th,2 3 4,,
,,,,,,,G Prashanth Kumar Reddy,,,,,
,,,,,,,Mohd Firasath Ali,,,,,
,,,,,,P6,Pabbala Siva Prasad,WS,T,08/09/2010,,
,,,,,,,G Prashanth Kumar Reddy,,,,,
,,,,,,,Mohd Firasath Ali,,,,,
1083,ME F211,MECHANICS OF SOLIDS,3,0,3,L1,ARITRA CHATTERJEE,F107,M W F,4,08/10 - 11.30 - 1.00PM,05/12 AN
,,,,,,L2,Amit Kumar Gupta,F108,M W F,4,08/10 - 11.30 - 1.00PM,05/12 AN
,,,,,,T1,Nakka Muralikrishna,G106,F,1,,
,,,,,,,Amit Kumar Gupta,,,,,
,,,,,,,Huzef Ur Rahman,,,,,
,,,,,,T2,Alle Pawan Kumar Reddy,G108,F,1,,
,,,,,,,Aritra Chatterjee,,,,,
,,,,,,,Gourav P B,,,,,
1082,ME F212,FLUID MECHANICS,3,0,3,L1,SAYAN DAS,F107,T Th,2,09/10 - 11.30 - 1.00PM,08/12 AN
,,,,,,,Sayan Das,F107,M,10,09/10 - 11.30 - 1.00PM,08/12 AN
,,,,,,L2,Arnab Guha,F108,T Th,2,09/10 - 11.30 - 1.00PM,08/12 AN
,,,,,,,Arnab Guha,F108,M,10,09/10 - 11.30 - 1.00PM,08/12 AN
,,,,,,T1,Suhas Shreekrishna,F207,T,10,,
,,,,,,,Nikhil Sureshrao Shrikhande,,,,,
,,,,,,,Sayan Das,,,,,
,,,,,,T2,Kolanu Sai Sandeep,F208,T,10,,
,,,,,,,Arnab Guha,,,,,
,,,,,,,Sibin V Mathew,,,,,
2394,ME F216,"MATERIALS SCIENCE AND
ENGINEER",2,1,3,L1,PRABAKARAN SARAVANAN,F107,T Th,9,10/10 -  9.30 - 11.00AM,10/12 FN
,,,,,,L2,Sujith R,F108,T Th,9,10/10 -  9.30 - 11.00AM,10/12 FN
,,,,,,T1,Vankar Durgesh,F207,F,7,,
,,,,,,,Pichika S V V Srihari,,,,,
,,,,,,,Prabakaran Saravanan,,,,,
,,,,,,T2,S Nagarani,F107,F,7,,
,,,,,,,M Abhinav,,,,,
,,,,,,,Piyush Chandra Verma,,,,,
,,,,,,,Sujith R,,,,,
,,,,,,P1,Prabakaran Saravanan,E004,M,67,,
,,,,,,,Pichika S V V Srihari,,,,,
,,,,,,,Piyush Chandra Verma,,,,,
,,,,,,P2,Sujith R,E004,T,67,,
,,,,,,,Aditya Nema,,,,,
,,,,,,,M Abhinav,,,,,
,,,,,,P3,S Nagarani,E004,W,67,,
,,,,,,,Suswanth Poluru,,,,,
,,,,,,,Vankar Durgesh,,,,,
,,,,,,P4,Piyush Chandra Verma,E004,Th,67,,
,,,,,,,Alle Pawan Kumar Reddy,,,,,
,,,,,,,Gourav P B,,,,,
2396,ME F217,APPLIED THERMODYNAMICS,3,1,4,L1,JAYAPRAKASH K S,F107,T Th,3,11/10 -  3.30 - 5.00PM,13/12 AN
,,,,,,,Jayaprakash K S,F107,W,10,11/10 -  3.30 - 5.00PM,13/12 AN
,,,,,,L2,Satish Kumar Dubey,F108,T Th,3,11/10 -  3.30 - 5.00PM,13/12 AN
,,,,,,,Satish Kumar Dubey,F108,W,10,11/10 -  3.30 - 5.00PM,13/12 AN
,,,,,,T1,Shaik Gouse Ahammad,F107,Th,10,,
,,,,,,,Jayaprakash K S,,,,,
,,,,,,,Meduri Sitaram,,,,,
,,,,,,T2,Dhoni Nagaraj,F203,Th,10,,
,,,,,,,Kiran Somisetti,,,,,
,,,,,,,Satish Kumar Dubey,,,,,
,,,,,,P1,Dhoni Nagaraj,E122,T,67,,
,,,,,,,Morapakala Srinivas,,,,,
,,,,,,,Muneshu Babu Nitta,,,,,
,,,,,,P2,Shaik Gouse Ahammad,E122,M,67,,
,,,,,,,Kalyani Panigrahi,,,,,
,,,,,,,Santanu Prasad Datta,,,,,
,,,,,,P3,Kiran Somisetti,E122,Th,67,,
,,,,,,,Nikhil Sureshrao Shrikhande,,,,,
,,,,,,,Yogesh Rajabhau Ulhe,,,,,
,,,,,,P4,Lingampally Swetha,E122,W,67,,
,,,,,,,Kalyani Panigrahi,,,,,
,,,,,,,Sibin V Mathew,,,,,
2398,ME F219,MANUFACTURING PROCESSES,3,1,4,L1,AMRITA PRIYADARSHINI,F202,M W F,2,09/10 - 11.30 - 1.00PM,08/12 AN
,,,,,,T1,Gunashekar G,F202,Th,1,,
,,,,,,P1,Gunashekar G,WS,Th,67,,
1663,ME F266,STUDY PROJECT,0,0,3,,Naveen Kumar Shrivastava,,,,,
2401,ME F314,DESIGN OF MACHINE ELEMENTS,3,0,3,L1,Pavan Kumar Penumakala,F107,M W F,3,06/10 - 3.30 - 5.00PM,02/12 AN
,,,,,,L2,NITIN RAMESHRAO KOTKUNDE,F108,M W F,3,06/10 - 3.30 - 5.00PM,02/12 AN
,,,,,,T1,Suswanth Poluru,F207,Th,1,,
,,,,,,,Pavan Kumar Penumakala,,,,,
,,,,,,T2,Aditya Nema,F208,Th,1,,
,,,,,,,Nitin Rameshrao Kotkunde,,,,,
,,,,,,,Vicky Lad,,,,,
2403,ME F315,"ADVANCED MANUFACTURING
PROCESSES",2,1,3,L1,KUNDAN KUMAR SINGH,F107,T Th,4,11/10 - 9.30 - 11.00AM,12/12 FN
,,,,,,L2,Narala Suresh Kumar Reddy,F108,T Th,4,11/10 - 9.30 - 11.00AM,12/12 FN
,,,,,,T1,Pandi Jyothish,F107,W,7,,
,,,,,,,Kundan Kumar Singh,,,,,
,,,,,,,Mrinmoy Saha,,,,,
,,,,,,T2,Alok Kumar,F108,W,7,,
,,,,,,,Anka Datta,,,,,
,,,,,,,Narala Suresh Kumar Reddy,,,,,
,,,,,,P1,Pandi Jyothish,W109,M,89,,
,,,,,,,Pichika S V V S Narayana,,,,,
,,,,,,,Souvik Das,,,,,
,,,,,,P2,Alok Kumar,W109,W,89,,
,,,,,,,Pondari Madhu,,,,,
,,,,,,,Suhas Shreekrishna,,,,,
,,,,,,P3,Anka Datta,W109,Th,89,,
,,,,,,,Mrinmoy Saha,,,,,
,,,,,,,Narala Suresh Kumar Reddy,,,,,
,,,,,,P4,Sanjeet Kumar,W109,F,78,,
,,,,,,,Himanshu Shukla,,,,,
,,,,,,,Pondari Madhu,,,,,
2404,ME F316,MANUFACTURING MANAGEMENT,2,0,2,L1,AMRITA PRIYADARSHINI,F106,M W,5,08/10 - 1.30 - 3.00PM,06/12 FN
,,,,,,T1,Pawar Prafulla Bhaskar,F201,T,7,,
,,,,,,T2,Pabbala Siva Prasad,F202,T,7,,
,,,,,,T3,Souvik Das,F203,T,7,,
,,,,,,T4,Sanjeet Kumar,F204,T,7,,
2405,ME F317,ENGINES MOTORS AND MOBILITY,2,0,2,L1,Meduri Sitaram,F107,T Th,5,09/10 - 1.30 - 3.00PM,09/12 FN
,,,,,,L2,NAVEEN KUMAR SHRIVASTAVA,F108,T Th,5,09/10 - 1.30 - 3.00PM,09/12 FN
,,,,,,T1,Nandanavanam Jalaiah,G102,M,7,,
,,,,,,,Avinash S Nair,,,,,
,,,,,,,N/a,,,,,
,,,,,,T2,Naveen Kumar Shrivastava,G103,M,7,,
,,,,,,,Lingampally Swetha,,,,,
,,,,,,,Safa Khader,,,,,
2408,ME F320,ENGINEERING OPTIMIZATION,3,0,3,L1,ARITRA CHATTERJEE,F204,T Th,4,11/10 - 9.30 - 11.00AM,12/12 FN
,,,,,,,Aritra Chatterjee,F204,F,10,11/10 - 9.30 - 11.00AM,12/12 FN
,,,,,,T1,Vishista Kaushik,F204,W,1,,
,,,,,,,Vishista Kaushik,F204,Th,7,,
1680,ME F366,LABORATORY PROJECT,0,0,3,,Pardha Saradhi Gurugubelli Venkata,,,,,
1748,ME F367,LABORATORY PROJECT,0,0,3,,Pardha Saradhi Gurugubelli Venkata,,,,,
1697,ME F376,DESIGN PROJECT,0,0,3,,Vuppuluri Amol,,,,,
1764,ME F377,DESIGN PROJECT,0,0,3,,Vuppuluri Amol,,,,,
2310,ME F425,ADDITIVE MANUFACTURING,3,0,3,L1,JEEVAN JAIDI,G204,T Th,2,09/10 - 9.30 - 11.00AM,08/12 FN
,,,,,,,Jeevan Jaidi,G204,M,10,09/10 - 9.30 - 11.00AM,08/12 FN
12768,ME F435,"SHAPE MEMORY ALLOYS FUND &
APP",2,1,3,L1,AMIT KUMAR GUPTA,F202,T Th,3,11/10 - 1.30 - 3.00PM,13/12 FN
,,,,,,P1,Pardha Saradhi Gurugubelli Venkata,E004,F,89,,
1284,ME F443,QUALI CONTRO ASSUR & REL,3,0,3,L1,KURRA SURESH,G107,T Th,2,09/10 - 9.30 - 11.00AM,08/12 FN
,,,,,,,Kurra Suresh,G107,M,10,09/10 - 9.30 - 11.00AM,08/12 FN
1286,ME F452,COMPOSITE MATERIAL & DES,3,0,3,L1,PAVAN KUMAR PENUMAKALA,G107,T Th,3,11/10 - 1.30 - 3.00PM,13/12 FN
,,,,,,,Rama  Manohara Babu M,,,,,
,,,,,,,Pavan Kumar Penumakala,G107,W,10,11/10 - 3.30 - 5.00PM,13/12 FN
,,,,,,,Rama  Manohara Babu M,,,,,
,ME F491,SPECIAL PROJECT,0,0,3,P1,NAVEEN KUMAR SHRIVASTAVA,,,,,
741,ME G511,MECHANISMS & ROBOTICS,2,3,5,L1,ABHISHEK SARKAR,G201,M W F,3,06/10 - 11.30 - 1.00PM,01/12 AN
,,,,,,P1,Karthy A,W203,W F,08/09/2010,,
322,ME G512,FINITE ELEMENT METHOD,3,2,5,L1,SRINIVASA PRAKASH REGALLA,G205,T Th,4,08/10 -  1.30 - 3.00PM,06/12 FN
,,,,,,,Srinivasa Prakash Regalla,G205,W,7,,
,,,,,,P1,Pawar Prafulla Bhaskar,D208 B,F,67,,
,,,,,,,Pawar Prafulla Bhaskar,D208 B,M,89,,
2059,ME G513,HEATING & COOL OF BUILD,3,2,5,L1,R PARAMESHWARAN,G202,M W F,5,08/10 -  1.30 - 3.00PM,06/12 FN
,,,,,,P1,Kolanu Sai Sandeep,E221,T Th,45,,
,,,,,,,R Parameshwaran,,,,,
2943,ME G517,APPLIED MATHEMATICS,3,2,5,L1,RAM CHANDRA MURTHY KALLURI,G101,T Th,5,07/10 - 11.30 - 1.00PM,03/12 AN
,,,,,,,Ram Chandra Murthy Kalluri,G101,M,7,,
,,,,,,P1,Ram Chandra Murthy Kalluri,D208 B,T Th,89,,
2944,ME G518,"ADV. THERMO FOR SUST. ENER.
SYS.",3,2,5,L1,MORAPAKALA SRINIVAS,G202,M W F,4,09/10 - 9.30 - 11.00AM,08/12 FN
,,,,,,P1,Morapakala Srinivas,LAB,T Th,34,,
,,,,,,,Meduri Sitaram,,,,,
2945,ME G519,ADVANCED FLUID DYNAMICS,3,2,5,L1,JEEVAN JAIDI,G207,M W F,3,08/10 -  1.30 - 3.00PM,06/12 FN
,,,,,,P1,Jeevan Jaidi,E112,W F,67,,
,,,,,,,Bagadi Ramana Murthy,,,,,
262,ME G532,MACHINE TOOL ENGINEERING,3,2,5,L1,KUNDAN KUMAR SINGH,G202,M W F,3,10/10 -  3.30 - 5.00PM,11/12 FN
,,,,,,P1,Sumitava Paul,W109,M W,1011,,
2098,ME G533,COND & RAD HEAT TRANSFER,3,2,5,L1,MRINAL KETAN JAGIRDAR,G205,M W F,2,06/10 - 11.30 - 1.00PM,01/12 AN
,,,,,,P1,Sayan Das,E111,W F,89,,
,,,,,,,Meduri Sitaram,,,,,
2079,ME G535,ADV ENGG MATHEMATICS,3,2,5,L1,RAM CHANDRA MURTHY KALLURI,G101,T Th,5,07/10 - 11.30 - 1.00PM,03/12 AN
,,,,,,,Ram Chandra Murthy Kalluri,G101,M,7,,
,,,,,,P1,Ram Chandra Murthy Kalluri,D208 B,T Th,89,,
740,ME G641,THEORY OF ELASTICITY & PLAST,3,2,5,L1,BRAJESH KUMAR PANIGRAHI,G104,T Th,2,07/10 - 11.30 - 1.00PM,03/12 AN
,,,,,,,Brajesh Kumar Panigrahi,G104,F,10,,
,,,,,,P1,Gudlavalleti Deepak Kumar,E004,M Th,89,,
2967,MEL G528,DIGITAL VLSI DESIGN,3,2,5,L1,KANIKA,I212,M W F,3,08/10 -  1.30 - 3.00PM,06/12 FN
,,,,,,P1,Kanika,I124,T,78,,
,,,,,,,Anshul Awasthi,,,,,
,,,,,,P2,Anshul Awasthi,I124,Th,78,,
2064,MEL G624,ADV VLSI ARCHITECTURES,3,2,5,L1,SUBHENDU KUMAR SAHOO,I210,T Th,2,08/10 -  1.30 - 3.00PM,06/12 FN
,,,,,,,Subhendu Kumar Sahoo,I210,F,10,,
,,,,,,P1,Subhendu Kumar Sahoo,I124,M W,78,,
,,,,,,,Pabbu Ramya Vani,,,,,
606,MEL G626,VLSI TEST & TESTABILITY,3,2,5,L1,NIRANJAN RAJ,I211,M W F,5,10/10 -  3.30 - 5.00PM,11/12 FN
,,,,,,P1,Niranjan Raj,I124,T Th,34,,
,,,,,,,K Gopikrishna,,,,,
2966,MEL G627,VLSI FABRICATION TECHNOLOGY,3,2,5,L1,SANKET GOEL,J220,T Th,4,09/10 -  1.30 - 3.00PM,09/12 FN
,,,,,,,Arindam Kushagra,,,,,
,,,,,,,Sanket Goel,J220,F,7,09/10 -  1.30 - 3.00PM,09/12 FN
,,,,,,,Arindam Kushagra,,,,,
,,,,,,P1,Bishal Kumar Keshari,J204,M W,910,,
,,,,,,,Palavai Sowmya Sree,,,,,
744,MEL G631,"PHYSICS AND MODELLING OF
MICROELECTRONIC DEVICES",3,2,5,L1,SAYAN KANUNGO,I212,M W F,4,10/10 -  3.30 - 5.00PM,11/12 FN
,,,,,,P1,Parikshit Parshuram Sahatiya,J114,M F,12,,
,,,,,,,Naresh Bahadursha,,,,,
1402,MF F311,MECHATRONICS,2,1,3,L1,ARSHAD JAVED,G107,M W F,4,08/10 - 9.30 - 11.00AM,05/12 FN
,,,,,,P1,Arshad Javed,W206B,Th,89,,
1418,MF F421,SUPPLY CHAIN MANAGEMENT,3,1,4,L1,PHANEENDRA KIRAN CHAGANTI,G207,M W F,2,10/10 - 11.30 - 1.00PM,10/12 AN
1024,MGTS F211,PRINCIPLES OF MANAGEMENT,3,0,3,L1,MUMHAMMED SAJID N,F108,M W F,9,07/10 -  9.30 - 11.00AM,03/12 FN
,,,,,,T1,Mou Jana,F108,M,7,,
12545,MGTS F313,"PRODUCT AND BRAND
MANAGEMENT",3,0,3,L1,MUMHAMMED SAJID N,J115,M W F,4,08/10 - 9.30 - 11.00AM,05/12 FN
2548,MGTS F316,"MANAGERIAL & LEADERSHIP
SKILLS",3,0,3,L1,RAJASEKARAN RAGHUNATHAN,J119,T Th,3,11/10 - 1.30 - 3.00PM,13/12 FN
,,,,,,,Rajasekaran Raghunathan,J119,W,10,11/10 - 3.30 - 5.00PM,13/12 FN
369,MSE G511,MECHATRONICS,3,2,5,L1,ARSHAD JAVED,G107,M W F,4,08/10 - 9.30 - 11.00AM,05/12 FN
,,,,,,P1,Arshad Javed,W206B,M Th,89,,
649,MSE G521,WORLD-CLASS MANUFACTUR,3,2,5,L1,RAVI SHANKER VIDYARTHY,G104,M W F,7,07/10 - 11.30 - 1.00PM,03/12 AN
,,,,,,P1,Kaleru Sai Kiran,W109,T Th,45,,
1086,PHA F211,PHARMACEUTICAL ANALYSIS,2,1,3,L1,BALARAM GHOSH,G203,M W,4,08/10 - 11.30 - 1.00PM,05/12 AN
,,,,,,T1,Balaram Ghosh,G203,F,4,,
,,,,,,P1,Balaram Ghosh,A001E,T,910,,
,,,,,,,Ambati Himaja,,,,,
,,,,,,,Regula Sanjeev,,,,,
,,,,,,,Tonmoy Banerjee,,,,,
,,,,,,P2,Balaram Ghosh,A001E,Th,910,,
,,,,,,,Debojyoti Halder,,,,,
,,,,,,,Denishkumar Jayvadanbhai Prajapati,,,,,
,,,,,,,Sripathi Nikhitha,,,,,
,,,,,,,Venkatesh M,,,,,
1863,PHA F215,INTRODUCTION TO MOLECULAR BIO & IMMUNOLOGY,2,1,3,L1,KETAKI DEEPAK BELSARE,G203,T Th,3,11/10 -  3.30 - 5.00PM,13/12 AN
,,,,,,,Arti Dhar,,,,,
,,,,,,T1,Ketaki Deepak Belsare,G203,W,1,,
,,,,,,,Arti Dhar,,,,,
,,,,,,T2P1,Arti Dhar,A009,M,67,,
,,,,,,,Karnik Aaditi Sameer,,,,,
,,,,,,,Lahane Ganesh Panditrao,,,,,
,,,,,,,Mansi Satish Kale,,,,,
,,,,,,P2,Arti Dhar,A009,W,67,,
,,,,,,,Prafful Pradeep Kothari,,,,,
,,,,,,,Vesmaker Kushal Nalin,,,,,
2505,PHA F217,"PHARMACEUTICAL
MICROBIOLOGY",2,1,3,L1,DHARMARAJAN SRIRAM,G203,T Th,2,09/10 - 11.30 - 1.00PM,08/12 AN
,,,,,,T1,Dharmarajan Sriram,G203,F,1,,
,,,,,,P1,Dharmarajan Sriram,A025,W,67,,
,,,,,,,Deepika K,,,,,
,,,,,,,Kendre Sandhya Rani,,,,,
,,,,,,P2,Dharmarajan Sriram,A025,M,67,,
,,,,,,,Anjana P K,,,,,
,,,,,,,Jegadheeswari V,,,,,
1294,PHA F244,PHYSICAL PHARMACY,2,1,3,L1,VENKATA VAMSI KRISHNA VENUGANTI,G203,M W,3,06/10 - 3.30 - 5.00PM,02/12 AN
,,,,,,T1,Venkata Vamsi Krishna Venuganti,G203,F,3,,
,,,,,,P1,Venkata Vamsi Krishna Venuganti,A001F,T,89,,
,,,,,,,Arawindh R,,,,,
,,,,,,,N/a,,,,,
,,,,,,,Rupal Kothari,,,,,
,,,,,,,Zinataman Sarkar,,,,,
,,,,,,P2,Venkata Vamsi Krishna Venuganti,A001F,Th,89,,
,,,,,,,Aditi Pradhan,,,,,
,,,,,,,Harshala Ramesh Patil,,,,,
,,,,,,,N/a,,,,,
,,,,,,,Shivani,,,,,
,,,,,,,Sonali Singh,,,,,
1665,PHA F266,STUDY PROJECT,0,0,3,,Abhijeet Rajendra Joshi,,,,,
1295,PHA F311,PHARMACOLOGY I,2,1,3,L1,ONKAR P KULKARNI,G203,M W,5,08/10 - 1.30 - 3.00PM,06/12 FN
,,,,,,T1,Onkar P Kulkarni,G203,F,5,,
,,,,,,P1,Shrikant Ramesh Mulay,A009,T,89,,
,,,,,,,Aparajita Ghosh,,,,,
,,,,,,,More Sagar Anil,,,,,
,,,,,,,Revati Vijayrao Thakare,,,,,
,,,,,,P2,Shrikant Ramesh Mulay,A009,Th,89,,
,,,,,,,Abhipshit Kalita,,,,,
,,,,,,,Vipparthi Pravinkumar Ganesh,,,,,
1297,PHA F312,MEDICINAL CHEMISTRY I,2,1,3,L1,VIJAY KUMAR NIMBARTE,G203,T Th,4,11/10 - 9.30 - 11.00AM,12/12 FN
,,,,,,,P Yogeeswari,,,,,
,,,,,,T1,Vijay Kumar Nimbarte,G203,M,8,,
,,,,,,,P Yogeeswari,,,,,
,,,,,,P1,Vijay Kumar Nimbarte,A025,W,89,,
,,,,,,,Darakhshan Begum,,,,,
,,,,,,,Deepu Raveend,,,,,
,,,,,,,Hruta Sundar Swain,,,,,
,,,,,,,P Yogeeswari,,,,,
,,,,,,P2,Vijay Kumar Nimbarte,A025,F,910,,
,,,,,,,Choudhary Heena Bholaram,,,,,
,,,,,,,P Yogeeswari,,,,,
,,,,,,,Shreya Shrikant Sonak,,,,,
,,,,,,,Siddharth Raj,,,,,
2506,PHA F315,"PHARMACEUTICAL
FORMULATIONS II",2,1,3,L1,NIRMAL JAYABALAN,G203,T Th,5,09/10 - 1.30 - 3.00PM,09/12 FN
,,,,,,T1,Nirmal Jayabalan,G203,M,7,,
,,,,,,P1,Nirmal Jayabalan,A022,W,89,,
,,,,,,,Manthan S Hiremath,,,,,
,,,,,,,Mhamane Shruti Rajendranath,,,,,
,,,,,,,Nitin Khandagale,,,,,
,,,,,,,Susmit Prashant Nikam,,,,,
,,,,,,P2,Nirmal Jayabalan,A022,F,910,,
,,,,,,,Sai Shreya Cheruvu Sai Shreya Cheruvu,,,,,
,,,,,,,Savla Raj,,,,,
1682,PHA F366,LABORATORY PROJECT,0,0,3,,Abhijeet Rajendra Joshi,,,,,
1750,PHA F367,LABORATORY PROJECT,0,0,3,,Abhijeet Rajendra Joshi,,,,,
1699,PHA F376,DESIGN PROJECT,0,0,3,,Abhijeet Rajendra Joshi,,,,,
1766,PHA F377,DESIGN PROJECT,0,0,3,,Abhijeet Rajendra Joshi,,,,,
1305,PHA F415,PATHOPHYSIOLOGY,3,0,3,L1,ABHIJEET RAJENDRA JOSHI,G201,M W F,2,10/10 - 11.30 - 1.00PM,10/12 AN
1308,PHA F422,COSMETIC SCIENCE,2,1,3,L1,SWATI BISWAS,G201,T Th,3,11/10 - 1.30 - 3.00PM,13/12 FN
,,,,,,P1,Swati Biswas,A001F,F,78,,
,,,,,,,Are Varshini,,,,,
,,,,,,,Saptami Goswami,,,,,
,,,,,,,Sneha Das,,,,,
,,,,,,,Swapnil Subhash Gore,,,,,
,PHA F491,SPECIAL PROJECT,0,0,3,,Abhijeet Rajendra Joshi,,,,,
2382,PHA G535,BIOMATERIALS,3,0,5,L1,NIRMAL JAYABALAN,G106,M W F,4,07/10 -  3.30 - 5.00PM,04/12 AN
,,,,,,,Satyanarayana Subrahmanyam,,,,,
2384,PHA G537,"PARENTERAL PRODUCT
DEVELOPMENT",3,0,5,L1,AKASH CHAURASIYA,G106,M W F,3,10/10 -  3.30 - 5.00PM,11/12 FN
2385,PHA G538,IMMUNOPHARMACOLOGY,3,2,5,L1,ONKAR P KULKARNI,G206,T Th,3,06/10 - 11.30 - 1.00PM,01/12 AN
,,,,,,,Onkar P Kulkarni,G206,F,10,,
2387,PHA G540,"MODERN PHARMACEUTICAL
ANALYTICAL TECHNIQUES",3,1,4,L1,A SAJELI BEGUM,G106,M W F,2,08/10 -  1.30 - 3.00PM,06/12 FN
,,,,,,P1,A Sajeli Begum,B108,F,6 7 8 9,,
,,,,,,,Chanchlani Bhavesha Premchand Banu,,,,,
,,,,,,,Erram Venkatesh,,,,,
,,,,,,,Gupta Suraj Pyarelal Meena,,,,,
,,,,,,,Mogapothula Surya Teja,,,,,
,,,,,,,Paulkar Suraj Shrihari,,,,,
,,,,,,,Pillai Yadu Kamesh Usha,,,,,
,,,,,,,Tamizhmathy M,,,,,
653,PHA G542,ADVANCE PHYSICAL PHARMA,3,2,5,L1,VENKATA VAMSI KRISHNA VENUGANTI,G106,T Th,4,06/10 - 11.30 - 1.00PM,01/12 AN
,,,,,,,Venkata Vamsi Krishna Venuganti,G106,M,7,,
,,,,,,P1,Venkata Vamsi Krishna Venuganti,A001F,W,6 7 8 9,,
,,,,,,,Anirban Pal,,,,,
,,,,,,,Naik Sharayu Sunil Jyoti,,,,,
,,,,,,,Shishira P S,,,,,
55,PHA G543,CLINICAL RESEARCH,3,0,5,L1,ARTI DHAR,G104,T Th,5,07/10 -  3.30 - 5.00PM,04/12 AN
,,,,,,,Arti Dhar,G104,M,10,,
2132,PHA G545,IPR AND PHARMACEUTICALS,3,0,3,L1,P YOGEESWARI,G105,M W F,2,06/10 - 11.30 - 1.00PM,01/12 AN
,,,,,,,Satyanarayana Subrahmanyam,,,,,
2293,PHA G547,"QUALI-BY-DESIGN IN
PHARMACEUTICAL PROD DEVEL",3,2,5,L1,PUNNA RAO RAVI,G206,M W F,3,10/10 - 11.30 - 1.00PM,10/12 AN
,,,,,,P1,Punna Rao Ravi,A022,M,6 7 8 9,,
,,,,,,,S R Rashmi,,,,,
2105,PHA G619,SCR METHOD & TECH IN PHA,3,2,5,L1,K SRINIVASA PRASAD,G205,M W F,3,09/10 -  1.30 - 3.00PM,09/12 FN
,,,,,,P1,K Srinivasa Prasad,A001G,T Th,89,,
,,,,,,,Shreesha Hegde,,,,,
,,,,,,,Sonam Dolma,,,,,
,,,,,,,Wadkar Avinash Rudrappa (sangita),,,,,
2391,PHA G625,"CELLULAR AND MOLECULAR
PHARMACOLOGY",3,2,5,L1,ABHIJEET RAJENDRA JOSHI,G206,M W F,5,10/10 -  3.30 - 5.00PM,11/12 FN
2392,PHA G626,PHARMACOVIGILANCE,3,0,4,L1,SHRIKANT RAMESH MULAY,G106,T Th,5,10/10 - 11.30 - 1.00PM,10/12 AN
,,,,,,,Shrikant Ramesh Mulay,G106,W,8,,
721,PHA G632,DOSAGE FORM DESIGN,3,2,5,L1,PUNNA RAO RAVI,G106,T Th,3,09/10 -  1.30 - 3.00PM,09/12 FN
,,,,,,,Punna Rao Ravi,G108,T,5,,
,,,,,,P1,Punna Rao Ravi,A022,T Th,89,,
,,,,,,,Gatade Ketki Umesh,,,,,
,,,,,,,Girish Sh,,,,,
2891,PHY F101,OSCILLATIONS AND WAVES,2,1,3,L1,Sarmistha Banik,F104,T Th,5,08/10 - 3.30 - 5.00PM,06/12 AN
,,,,,,,Meenakshi V,,,,,
,,,,,,L2,Sarmistha Banik,F102,M,9,08/10 - 3.30 - 5.00PM,06/12 AN
,,,,,,,Meenakshi V,,,,,
,,,,,,,Sarmistha Banik,F102,F,10,,
,,,,,,,Meenakshi V,,,,,
,,,,,,T1,P K THIRUVIKRAMAN,G205,M,10,,
,,,,,,T2,P K Thiruvikraman,G205,W,10,,
,,,,,,T3,Manabendra Kuiri,I210,M,10,,
,,,,,,T4,Manabendra Kuiri,G206,W,10,,
,,,,,,T5,Debanjan Polley,G207,M,10,,
,,,,,,T6,Debanjan Polley,G207,W,10,,
,,,,,,T7,Sutapa Roy,F202,W,10,,
,,,,,,T8,Sutapa Roy,F202,M,10,,
,,,,,,T9,P K Thiruvikraman,G101,T,10,,
,,,,,,P1,Aranya Bhuti Bhattacharjee,A222,M,34,,
,,,,,,,Aswathy K R,,,,,
,,,,,,P2,Prasant Kumar Samantray,A222,W,34,,
,,,,,,,Lekshmi,,,,,
,,,,,,P3,Suvadip Das,A222,F,34,,
,,,,,,,Shyamapada Pal,,,,,
,,,,,,P4,Subhash Narayan Karbelkar,A222,T,34,,
,,,,,,,Tamali Mukherjee,,,,,
,,,,,,P5,Suvadip Das,A222,Th,910,,
,,,,,,,Aprajita Shrivastava,,,,,
,,,,,,P6,Sashideep Gutti,A222,Th,34,,
,,,,,,,Rakesh Kumar Jha,,,,,
,,,,,,P7,Subhadeep Roy,A222,W,78,,
,,,,,,,Anjali Vajigi,,,,,
,,,,,,P8,Sutapa Roy,A222,F,78,,
,,,,,,,John Paul J,,,,,
,,,,,,P9,Asrarul Haque,A222,M,78,,
,,,,,,,Sudev Krishnan K,,,,,
,,,,,,P10,"Venkata Sesha Shiv Chaitanya
Kamarajugadda",A222,Th,78,,
,,,,,,,Urjjarani Patel,,,,,
2892,PHY F102,"INTRODUCTION TO OSCILLATIONS
AND WAVES",2,1,3,L1,RAHUL NIGAM,G107,T Th,5,08/10 - 3.30 - 5.00PM,06/12 AN
,,,,,,,Rahul Nigam,G107,F,10,08/10 - 3.30 - 5.00PM,06/12 AN
,,,,,,T1,Kulkarni Akshay Avinash Asmita,F204,M,10,,
,,,,,,P1,SARMISTHA BANIK,A222,T,89,,
1126,PHY F211,CLASSICAL MECHANICS,3,1,4,L1,ARAVINDA NARAYANAN RAGHAVAN,G201,T Th,2,09/10 - 11.30 - 1.00PM,08/12 AN
,,,,,,,Aravinda Narayanan Raghavan,G201,M,10,09/10 - 11.30 - 1.00PM,08/12 AN
,,,,,,T1,Aravinda Narayanan Raghavan,G201,W,10,,
1127,PHY F212,ELECTROMAGNETIC THEO I,3,0,3,L1,"SATYA NARAYANA MURTHY
VEMULAPATI",G201,F,7,10/10 -  9.30 - 11.00AM,10/12 FN
,,,,,,,Satya Narayana Murthy Vemulapati,G201,T Th,9,10/10 -  9.30 - 11.00AM,10/12 FN
,,,,,,L2,Asrarul Haque,G202,F,7,10/10 -  9.30 - 11.00AM,10/12 FN
,,,,,,,Asrarul Haque,G202,T Th,9,10/10 -  9.30 - 11.00AM,10/12 FN
,,,,,,L3,Rickmoy Samanta,G203,F,7,10/10 -  9.30 - 11.00AM,10/12 FN
,,,,,,,Rickmoy Samanta,G203,T Th,9,10/10 -  9.30 - 11.00AM,10/12 FN
,,,,,,L4,Tanay Nag,G204,F,7,10/10 -  9.30 - 11.00AM,10/12 FN
,,,,,,,Tanay Nag,G204,T Th,9,10/10 -  9.30 - 11.00AM,10/12 FN
,,,,,,L5,Subhash Narayan Karbelkar,G205,F,7,10/10 -  9.30 - 11.00AM,10/12 FN
,,,,,,,Subhash Narayan Karbelkar,G205,T Th,9,10/10 -  9.30 - 11.00AM,10/12 FN
,,,,,,L6,Sashideep Gutti,G206,F,7,10/10 -  9.30 - 11.00AM,10/12 FN
,,,,,,,Sashideep Gutti,G206,T Th,9,10/10 -  9.30 - 11.00AM,10/12 FN
,,,,,,L7,Swastik Bhattacharya,G207,F,7,10/10 -  9.30 - 11.00AM,10/12 FN
,,,,,,,Swastik Bhattacharya,G207,T Th,9,10/10 -  9.30 - 11.00AM,10/12 FN
,,,,,,T1,Satya Narayana Murthy Vemulapati,G201,M,1,,
,,,,,,T2,Asrarul Haque,G202,M,1,,
,,,,,,T3,Rickmoy Samanta,G203,M,1,,
,,,,,,T4,Tanay Nag,G204,M,1,,
,,,,,,T5,Subhash Narayan Karbelkar,G205,M,1,,
,,,,,,T6,Sashideep Gutti,G206,M,1,,
,,,,,,T7,Swastik Bhattacharya,G102,M,1,,
1128,PHY F213,OPTICS,3,0,3,L1,MEENAKSHI V,G201,M W F,4,08/10 - 11.30 - 1.00PM,05/12 AN
,,,,,,T1,Meenakshi V,G201,T,10,,
1129,PHY F214,ELEC MAGNET & OPTICS LAB,0,2,2,P1,KANNAN RAMASWAMY,A210,M W,67,,
,,,,,,,Gourab Kumar Das,,,,,
,,,,,,,Subrahmanya Bhima Sankar Davuluri,,,,,
,,,,,,P2,B. Harihara Venkataraman,A210,T Th,67,,
,,,,,,,Debanjan Polley,,,,,
,,,,,,,Risita Sahu,,,,,
1666,PHY F266,STUDY PROJECT,0,0,3,,Sutapa Roy,,,,,
1486,PHY F311,QUANTUM MECHANICS II,3,0,3,L1,RAHUL NIGAM,G201,M W F,8,06/10 - 11.30 - 1.00PM,01/12 AN
,,,,,,T1,Rahul Nigam,G201,T,1,,
,,,,,,,Sai Ruthvik Svs,,,,,
1487,PHY F312,STATISTICAL MECHANICS,3,0,3,L1,PRASANT KUMAR SAMANTRAY,G201,M W F,9,07/10 - 3.30 - 5.00PM,04/12 AN
,,,,,,T1,Prasant Kumar Samantray,G201,Th,8,,
,,,,,,,Pritam Roy,,,,,
1488,PHY F313,COMPUTATIONAL PHYSICS,3,0,3,L1,SUBHADEEP ROY,G201,T Th,4,11/10 - 9.30 - 11.00AM,12/12 FN
,,,,,,,Subhadeep Roy,G201,F,10,11/10 - 9.30 - 11.00AM,12/12 FN
,,,,,,T1,Subhadeep Roy,G201,T,8,,
,,,,,,,Viswakannan R K,,,,,
2192,PHY F316,MUSICAL ACOUSTICS,3,0,3,L1,"VENKATA SESHA SHIV CHAITANYA
KAMARAJUGADDA",G202,M W F,2,10/10 - 11.30 - 1.00PM,10/12 AN
12634,PHY F318,ATOMS AND PHOTONS,3,0,3,L1,"SUBRAHMANYA BHIMA SANKAR
DAVULURI",G208,M W F,2,10/10 - 11.30 - 1.00PM,10/12 AN
2448,PHY F346,LASER SCIENCE & TECHNOLOGY,3,0,3,L1,ARANYA BHUTI BHATTACHARJEE,G202,T Th,2,09/10 - 9.30 - 11.00AM,08/12 FN
,,,,,,,Aranya Bhuti Bhattacharjee,G202,M,10,09/10 - 9.30 - 11.00AM,08/12 FN
1683,PHY F366,LABORATORY PROJECT,0,0,3,,Debanjan Polley,,,,,
1751,PHY F367,LABORATORY PROJECT,0,0,3,,Debanjan Polley,,,,,
1700,PHY F376,DESIGN PROJECT,0,0,3,,Sashideep Gutti,,,,,
1767,PHY F377,DESIGN PROJECT,0,0,3,,Sashideep Gutti,,,,,
1497,PHY F414,"PHYSICS OF ADVANCED
MATERIALS",3,1,4,L1,SUVADIP DAS,G202,T Th,3,11/10 - 1.30 - 3.00PM,13/12 FN
,,,,,,,Suvadip Das,G202,W,10,11/10 - 3.30 - 5.00PM,13/12 FN
1498,PHY F415,"GENERAL THEORY OF RELATIVITY
AND COSMOLOGY",3,1,4,L1,RICKMOY SAMANTA,F202,M W F,4,08/10 - 9.30 - 11.00AM,05/12 FN
1505,PHY F421,ADV QUANTUM MECHANICS,3,0,3,L1,ASRARUL HAQUE,G208,T Th,3,11/10 - 1.30 - 3.00PM,13/12 FN
,,,,,,,Asrarul Haque,G208,W,10,11/10 - 3.30 - 5.00PM,13/12 FN
1509,PHY F426,PHY OF SEMICONDUCTOR DEV,3,1,4,L1,MANABENDRA KUIRI,G206,M W F,2,10/10 - 11.30 - 1.00PM,10/12 AN
12327,PHY F428,"QUANTUM INFORMATION
THEORY",3,0,3,L1,Swastik Bhattacharya,G206,T Th,2,09/10 - 9.30 - 11.00AM,08/12 FN
,,,,,,,TANAY NAG,,,,,
,,,,,,,Swastik Bhattacharya,G206,M,10,06/10 -  9.30 - 11.00AM,01/12 FN
,,,,,,,Tanay Nag,,,,,
,PHY F491,SPECIAL PROJECT,0,0,3,,Sarmistha Banik,,,,,
